Latitude,Longitude,median_U,median_V
16.1182,-66.7097,-0.3,-0.1
16.1182,-66.5425,-0.26,-0.16
16.1721,-66.7097,-0.24,-0.11
16.1721,-66.5425,-0.255,-0.15
16.1721,-66.3752,-0.29,-0.21
16.2261,-66.9326,-0.13,-0.08
16.2261,-66.7097,-0.2,-0.11
16.2261,-66.5425,-0.23,-0.16
16.2261,-66.3752,-0.25,-0.2
16.2261,-66.3195,-0.255,-0.2
16.2261,-66.2638,-0.22,-0.20500000000000002
16.28,-67.0441,-0.15,-0.02
16.28,-66.8212,-0.15,-0.1
16.28,-66.7097,-0.19,-0.12
16.28,-66.6539,-0.26,-0.115
16.28,-66.5982,-0.175,-0.15
16.28,-66.5425,-0.225,-0.17
16.28,-66.4867,-0.21,-0.165
16.28,-66.431,-0.17,-0.17
16.28,-66.3195,-0.21,-0.19
16.334,-67.0441,-0.13,-0.04
16.334,-66.9884,-0.24,-0.18
16.334,-66.8212,-0.12,-0.11
16.334,-66.7654,-0.12,-0.1
16.334,-66.6539,-0.13,-0.14
16.334,-66.5982,-0.13,-0.15
16.334,-66.4867,-0.15,-0.17
16.334,-66.431,-0.155,-0.17
16.334,-66.3195,-0.16,-0.2
16.334,-66.2638,-0.165,-0.2
16.334,-66.0408,-0.04,-0.12
16.334,-65.9851,-0.04,-0.12
16.3879,-67.2113,-0.07,-0.02
16.3879,-67.0441,-0.11,-0.05
16.3879,-66.9884,-0.11,-0.07
16.3879,-66.9326,-0.08,-0.08
16.3879,-66.8212,-0.13,-0.11
16.3879,-66.7654,-0.12,-0.11
16.3879,-66.7097,-0.22,-0.09
16.3879,-66.6539,-0.11,-0.14
16.3879,-66.5982,-0.13,-0.14
16.3879,-66.5425,-0.315,-0.09
16.3879,-66.4867,-0.14,-0.17
16.3879,-66.431,-0.13,-0.17
16.3879,-66.3752,-0.18,-0.19
16.3879,-66.3195,-0.13,-0.19
16.3879,-66.2638,-0.14,-0.2
16.3879,-66.208,-0.13,-0.19
16.3879,-66.1523,-0.1,-0.17
16.3879,-66.0965,-0.09,-0.175
16.3879,-66.0408,-0.04,-0.1
16.4418,-67.2113,-0.06,-0.02
16.4418,-67.0441,-0.13,-0.06
16.4418,-66.9884,-0.1,-0.09
16.4418,-66.9326,-0.08,-0.09
16.4418,-66.8769,-0.12,-0.09
16.4418,-66.8212,-0.13,-0.11
16.4418,-66.7654,-0.12,-0.11499999999999999
16.4418,-66.7097,-0.1,-0.12
16.4418,-66.6539,-0.12,-0.13
16.4418,-66.5982,-0.11,-0.13
16.4418,-66.5425,-0.1,-0.14
16.4418,-66.4867,-0.14,-0.16
16.4418,-66.431,-0.13,-0.16
16.4418,-66.3752,-0.09,-0.16
16.4418,-66.3195,-0.09,-0.17
16.4418,-66.2638,-0.13,-0.19
16.4418,-66.208,-0.04,-0.14
16.4418,-66.1523,-0.065,-0.15
16.4418,-66.0965,-0.05,-0.15
16.4418,-66.0408,0.02,-0.08
16.4418,-65.9851,-0.01,-0.07
16.4418,-65.9293,0.03,-0.035
16.4418,-65.8736,0.09,0.0
16.4958,-67.3228,-0.02,-0.01
16.4958,-67.1556,-0.07,-0.03
16.4958,-67.0999,-0.05,-0.08
16.4958,-67.0441,-0.08,-0.07
16.4958,-66.9884,-0.11,-0.1
16.4958,-66.9326,-0.11,-0.1
16.4958,-66.8769,-0.09,-0.11
16.4958,-66.8212,-0.13,-0.1
16.4958,-66.7654,-0.12,-0.11
16.4958,-66.7097,-0.1,-0.12
16.4958,-66.6539,-0.09,-0.12
16.4958,-66.5982,-0.11,-0.13
16.4958,-66.5425,-0.09,-0.14
16.4958,-66.4867,-0.1,-0.14
16.4958,-66.431,-0.14,-0.15
16.4958,-66.3752,-0.08,-0.15
16.4958,-66.3195,-0.07,-0.16
16.4958,-66.2638,-0.1,-0.17
16.4958,-66.208,-0.03,-0.14
16.4958,-66.1523,-0.025,-0.13
16.4958,-66.0965,-0.05,-0.14
16.4958,-66.0408,0.02,-0.07
16.4958,-65.9851,0.01,-0.055
16.4958,-65.9293,0.05,-0.04
16.4958,-65.8736,0.1,0.02
16.5497,-67.3786,-0.02,0.0
16.5497,-67.3228,-0.02,-0.03
16.5497,-67.2671,-0.03,-0.03
16.5497,-67.2113,-0.085,-0.01
16.5497,-67.1556,-0.09,-0.04
16.5497,-67.0999,-0.07,-0.05
16.5497,-67.0441,-0.08,-0.07
16.5497,-66.9884,-0.08499999999999999,-0.09
16.5497,-66.9326,-0.1,-0.09
16.5497,-66.8769,-0.08,-0.1
16.5497,-66.8212,-0.09,-0.1
16.5497,-66.7654,-0.12,-0.11
16.5497,-66.7097,-0.09,-0.12
16.5497,-66.6539,-0.09,-0.12
16.5497,-66.5982,-0.1,-0.12
16.5497,-66.5425,-0.09,-0.14
16.5497,-66.4867,-0.1,-0.14
16.5497,-66.431,-0.08,-0.13
16.5497,-66.3752,-0.08,-0.14
16.5497,-66.3195,-0.07,-0.15
16.5497,-66.2638,-0.04,-0.13
16.5497,-66.208,-0.02,-0.12
16.5497,-66.1523,0.0,-0.11
16.5497,-66.0965,0.01,-0.1
16.5497,-66.0408,-0.02,-0.07500000000000001
16.5497,-65.9851,0.03,-0.03
16.5497,-65.9293,0.06,-0.01
16.5497,-65.8736,0.08,0.01
16.5497,-65.8178,0.04,0.05
16.5497,-65.7621,0.15,0.1
16.6037,-67.49,0.03,0.01
16.6037,-67.3228,-0.03,-0.03
16.6037,-67.2671,-0.05,-0.03
16.6037,-67.2113,-0.04,-0.03
16.6037,-67.1556,-0.095,-0.025
16.6037,-67.0999,-0.1,-0.06
16.6037,-67.0441,-0.09,-0.06
16.6037,-66.9884,-0.08,-0.08
16.6037,-66.8769,-0.08,-0.1
16.6037,-66.8212,-0.07500000000000001,-0.1
16.6037,-66.7654,-0.08,-0.10500000000000001
16.6037,-66.7097,-0.08,-0.12
16.6037,-66.6539,-0.08,-0.12
16.6037,-66.5982,-0.07,-0.13
16.6037,-66.5425,-0.09,-0.12
16.6037,-66.4867,-0.08,-0.12
16.6037,-66.431,-0.07,-0.12
16.6037,-66.3752,-0.07,-0.13
16.6037,-66.3195,-0.05,-0.12
16.6037,-66.2638,-0.01,-0.1
16.6037,-66.208,-0.01,-0.11
16.6037,-66.1523,0.015,-0.09
16.6037,-66.0965,-0.015,-0.07
16.6037,-66.0408,0.02,-0.055
16.6037,-65.9851,0.08,-0.01
16.6037,-65.9293,0.05,-0.005
16.6037,-65.8736,0.01,0.03
16.6037,-65.8178,0.04,0.06
16.6037,-65.7621,0.13,0.11
16.6037,-65.7064,0.15,0.11
16.6037,-65.6506,0.07,0.215
16.6576,-67.49,0.015,0.0
16.6576,-67.4343,0.03,-0.02
16.6576,-67.3786,-0.01,0.01
16.6576,-67.2671,-0.04,-0.01
16.6576,-67.2113,-0.03,-0.025
16.6576,-67.1556,-0.07,-0.04
16.6576,-67.0999,-0.24,-0.04
16.6576,-67.0441,-0.1,-0.06
16.6576,-66.9884,-0.1,-0.07
16.6576,-66.9326,-0.1,-0.08
16.6576,-66.8769,-0.09,-0.09
16.6576,-66.8212,-0.08,-0.1
16.6576,-66.7654,-0.07,-0.1
16.6576,-66.7097,-0.07,-0.11499999999999999
16.6576,-66.6539,-0.06,-0.12
16.6576,-66.5982,-0.07,-0.13
16.6576,-66.5425,-0.08,-0.13
16.6576,-66.4867,-0.08,-0.12
16.6576,-66.431,-0.08,-0.12
16.6576,-66.3752,-0.07,-0.12
16.6576,-66.3195,-0.05,-0.11
16.6576,-66.2638,-0.01,-0.09
16.6576,-66.208,0.0,-0.09
16.6576,-66.1523,0.0,-0.08
16.6576,-66.0965,0.01,-0.05
16.6576,-66.0408,0.05,-0.03
16.6576,-65.9851,0.05,0.01
16.6576,-65.9293,-0.03,0.03
16.6576,-65.8736,0.01,0.06
16.6576,-65.8178,0.05,0.07
16.6576,-65.7621,0.0,0.095
16.6576,-65.7064,0.05,0.13
16.6576,-65.6506,0.08,0.18
16.7115,-67.49,-0.025,-0.01
16.7115,-67.4343,0.01,-0.01
16.7115,-67.3786,-0.02,-0.01
16.7115,-67.3228,-0.01,-0.02
16.7115,-67.2671,-0.05,-0.01
16.7115,-67.2113,-0.06,-0.01
16.7115,-67.1556,-0.09,-0.03
16.7115,-67.0999,-0.11,-0.03
16.7115,-67.0441,-0.12,-0.05
16.7115,-66.9884,-0.11,-0.07
16.7115,-66.9326,-0.08499999999999999,-0.07
16.7115,-66.8769,-0.09,-0.09
16.7115,-66.8212,-0.09,-0.1
16.7115,-66.7654,-0.08,-0.1
16.7115,-66.7097,-0.07,-0.11
16.7115,-66.6539,-0.06,-0.11
16.7115,-66.5982,-0.07,-0.12
16.7115,-66.5425,-0.08,-0.12
16.7115,-66.4867,-0.09,-0.12
16.7115,-66.431,-0.07500000000000001,-0.11
16.7115,-66.3752,-0.06,-0.1
16.7115,-66.3195,-0.06,-0.09
16.7115,-66.2638,-0.02,-0.08499999999999999
16.7115,-66.208,-0.01,-0.07
16.7115,-66.1523,-0.01,-0.05
16.7115,-66.0965,0.02,-0.03
16.7115,-66.0408,0.04,0.0
16.7115,-65.9851,-0.03,0.02
16.7115,-65.9293,0.0,0.05
16.7115,-65.8736,0.005,0.06
16.7115,-65.8178,0.03,0.08
16.7115,-65.7621,0.005,0.11
16.7115,-65.7064,0.03,0.16
16.7115,-65.6506,0.12,0.24
16.7115,-65.5949,0.17,0.27
16.7655,-67.6015,-0.02,-0.02
16.7655,-67.5458,-0.065,0.02
16.7655,-67.49,0.08,0.04
16.7655,-67.4343,-0.02,0.02
16.7655,-67.3786,-0.01,-0.01
16.7655,-67.3228,-0.04,0.0
16.7655,-67.2671,-0.08,-0.005
16.7655,-67.2113,-0.08,0.01
16.7655,-67.1556,-0.11499999999999999,-0.02
16.7655,-67.0999,-0.14,-0.02
16.7655,-67.0441,-0.12,-0.04
16.7655,-66.9884,-0.11,-0.06
16.7655,-66.9326,-0.11,-0.07
16.7655,-66.8769,-0.11,-0.08
16.7655,-66.8212,-0.1,-0.09
16.7655,-66.7654,-0.09,-0.1
16.7655,-66.7097,-0.08,-0.11
16.7655,-66.6539,-0.09,-0.11
16.7655,-66.5982,-0.08,-0.12
16.7655,-66.5425,-0.08,-0.11
16.7655,-66.4867,-0.09,-0.11
16.7655,-66.431,-0.07,-0.11
16.7655,-66.3752,-0.07,-0.09
16.7655,-66.3195,-0.07,-0.08
16.7655,-66.2638,-0.05,-0.08
16.7655,-66.208,-0.03,-0.06
16.7655,-66.1523,-0.01,-0.05
16.7655,-66.0965,0.01,-0.02
16.7655,-66.0408,-0.04,0.01
16.7655,-65.9851,-0.01,0.04
16.7655,-65.9293,0.0,0.05
16.7655,-65.8736,-0.02,0.06
16.7655,-65.8178,-0.05,0.09
16.7655,-65.7621,-0.01,0.125
16.7655,-65.7064,0.03,0.17
16.7655,-65.6506,0.125,0.265
16.7655,-65.5949,0.055,0.25
16.7655,-65.4834,0.125,0.39
16.8194,-67.5458,-0.1,0.02
16.8194,-67.49,-0.19,0.04
16.8194,-67.4343,-0.14,0.0
16.8194,-67.3786,-0.05,0.0
16.8194,-67.3228,-0.09,0.0
16.8194,-67.2671,-0.1,0.0
16.8194,-67.2113,-0.12,-0.01
16.8194,-67.1556,-0.13,-0.01
16.8194,-67.0999,-0.14500000000000002,-0.01
16.8194,-67.0441,-0.14,-0.03
16.8194,-66.9884,-0.14,-0.04
16.8194,-66.9326,-0.125,-0.06
16.8194,-66.8769,-0.13,-0.07
16.8194,-66.8212,-0.12,-0.08
16.8194,-66.7654,-0.12,-0.08
16.8194,-66.7097,-0.09,-0.1
16.8194,-66.6539,-0.095,-0.1
16.8194,-66.5982,-0.09,-0.11
16.8194,-66.5425,-0.09,-0.10500000000000001
16.8194,-66.4867,-0.09,-0.1
16.8194,-66.431,-0.08,-0.1
16.8194,-66.3752,-0.08,-0.08
16.8194,-66.3195,-0.07,-0.07
16.8194,-66.2638,-0.07,-0.07
16.8194,-66.208,-0.05,-0.07
16.8194,-66.1523,-0.04,-0.04
16.8194,-66.0965,-0.05,-0.02
16.8194,-66.0408,-0.04,0.02
16.8194,-65.9851,-0.03,0.03
16.8194,-65.9293,-0.05,0.04
16.8194,-65.8736,-0.08,0.06
16.8194,-65.8178,-0.07,0.09
16.8194,-65.7621,-0.02,0.125
16.8194,-65.7064,-0.01,0.17
16.8194,-65.6506,0.06,0.235
16.8194,-65.5949,0.07,0.27
16.8194,-65.5391,0.15500000000000003,0.36
16.8194,-65.4834,0.13,0.31
16.8734,-67.5458,-0.15500000000000003,0.055
16.8734,-67.49,0.01,-0.05
16.8734,-67.4343,-0.06,-0.03
16.8734,-67.3786,-0.13,-0.01
16.8734,-67.3228,-0.13,0.02
16.8734,-67.2671,-0.12,0.0
16.8734,-67.2113,-0.14,0.0
16.8734,-67.1556,-0.14,-0.01
16.8734,-67.0999,-0.16,-0.01
16.8734,-67.0441,-0.15,-0.03
16.8734,-66.9884,-0.15,-0.04
16.8734,-66.9326,-0.14,-0.05
16.8734,-66.8769,-0.13,-0.07
16.8734,-66.8212,-0.13,-0.08
16.8734,-66.7654,-0.12,-0.09
16.8734,-66.7097,-0.12,-0.095
16.8734,-66.6539,-0.1,-0.1
16.8734,-66.5982,-0.09,-0.1
16.8734,-66.5425,-0.09,-0.1
16.8734,-66.4867,-0.09,-0.09
16.8734,-66.431,-0.08,-0.09
16.8734,-66.3752,-0.08499999999999999,-0.07
16.8734,-66.3195,-0.09,-0.07
16.8734,-66.2638,-0.09,-0.06
16.8734,-66.208,-0.07,-0.06
16.8734,-66.1523,-0.07,-0.03
16.8734,-66.0965,-0.07,-0.01
16.8734,-66.0408,-0.07,0.01
16.8734,-65.9851,-0.08,0.03
16.8734,-65.9293,-0.09,0.05
16.8734,-65.8736,-0.1,0.06
16.8734,-65.8178,-0.09,0.1
16.8734,-65.7621,-0.03,0.11499999999999999
16.8734,-65.7064,-0.02,0.19
16.8734,-65.6506,0.03,0.23
16.8734,-65.5949,0.05,0.25
16.8734,-65.5391,0.03,0.34
16.8734,-65.4834,0.12,0.31
16.9273,-67.49,-0.095,-0.005
16.9273,-67.4343,-0.12,0.01
16.9273,-67.3786,-0.12,-0.01
16.9273,-67.3228,-0.12,0.015
16.9273,-67.2671,-0.12,0.01
16.9273,-67.2113,-0.16,0.01
16.9273,-67.1556,-0.14,0.0
16.9273,-67.0999,-0.14,-0.02
16.9273,-67.0441,-0.16,-0.03
16.9273,-66.9884,-0.16,-0.05
16.9273,-66.9326,-0.16,-0.06
16.9273,-66.8769,-0.15,-0.07500000000000001
16.9273,-66.8212,-0.14,-0.09
16.9273,-66.7654,-0.13,-0.08
16.9273,-66.7097,-0.13,-0.09
16.9273,-66.6539,-0.1,-0.09
16.9273,-66.5982,-0.09,-0.09
16.9273,-66.5425,-0.09,-0.09
16.9273,-66.4867,-0.09,-0.08
16.9273,-66.431,-0.09,-0.08
16.9273,-66.3752,-0.09,-0.07
16.9273,-66.3195,-0.11,-0.06
16.9273,-66.2638,-0.1,-0.06
16.9273,-66.208,-0.1,-0.05
16.9273,-66.1523,-0.1,-0.02
16.9273,-66.0965,-0.09,0.0
16.9273,-66.0408,-0.11,0.02
16.9273,-65.9851,-0.12,0.02
16.9273,-65.9293,-0.12,0.04
16.9273,-65.8736,-0.11,0.06
16.9273,-65.8178,-0.10500000000000001,0.07
16.9273,-65.7621,-0.06,0.125
16.9273,-65.7064,-0.04,0.18
16.9273,-65.6506,-0.01,0.215
16.9273,-65.5949,0.05,0.25
16.9273,-65.5391,0.095,0.28
16.9273,-65.4834,0.04,0.28
16.9273,-65.4277,-0.035,0.26
16.9273,-65.3719,-0.26,0.035
16.9812,-67.4343,-0.1,0.01
16.9812,-67.3786,-0.12,0.01
16.9812,-67.3228,-0.12,0.02
16.9812,-67.2671,-0.12,0.01
16.9812,-67.2113,-0.16,0.02
16.9812,-67.1556,-0.16,0.0
16.9812,-67.0999,-0.165,-0.01
16.9812,-67.0441,-0.17,-0.03
16.9812,-66.9884,-0.17,-0.06
16.9812,-66.9326,-0.17,-0.06
16.9812,-66.8769,-0.16,-0.08
16.9812,-66.8212,-0.14,-0.09
16.9812,-66.7654,-0.12,-0.09
16.9812,-66.7097,-0.12,-0.09
16.9812,-66.6539,-0.11,-0.09
16.9812,-66.5982,-0.09,-0.09
16.9812,-66.5425,-0.09,-0.09
16.9812,-66.4867,-0.1,-0.08
16.9812,-66.431,-0.1,-0.07
16.9812,-66.3752,-0.11,-0.06
16.9812,-66.3195,-0.11,-0.05
16.9812,-66.2638,-0.11,-0.05
16.9812,-66.208,-0.12,-0.04
16.9812,-66.1523,-0.13,-0.03
16.9812,-66.0965,-0.12,0.0
16.9812,-66.0408,-0.14,0.02
16.9812,-65.9851,-0.15,0.02
16.9812,-65.9293,-0.13,0.04
16.9812,-65.8736,-0.12,0.05
16.9812,-65.8178,-0.11,0.065
16.9812,-65.7621,-0.05,0.13
16.9812,-65.7064,-0.04,0.16
16.9812,-65.6506,-0.02,0.21
16.9812,-65.5949,-0.005,0.22
16.9812,-65.5391,0.01,0.22
16.9812,-65.4834,0.02,0.23
16.9812,-65.4277,-0.055,0.235
17.0352,-67.3786,-0.13,0.03
17.0352,-67.3228,-0.13,0.02
17.0352,-67.2671,-0.15,0.01
17.0352,-67.2113,-0.175,0.01
17.0352,-67.1556,-0.16,0.0
17.0352,-67.0999,-0.15,-0.01
17.0352,-67.0441,-0.17,-0.03
17.0352,-66.9884,-0.16,-0.06
17.0352,-66.9326,-0.17,-0.08
17.0352,-66.8769,-0.16,-0.08
17.0352,-66.8212,-0.15,-0.08
17.0352,-66.7654,-0.15,-0.08
17.0352,-66.7097,-0.12,-0.09
17.0352,-66.6539,-0.11,-0.09
17.0352,-66.5982,-0.11,-0.09
17.0352,-66.5425,-0.095,-0.08
17.0352,-66.4867,-0.1,-0.08
17.0352,-66.431,-0.1,-0.06
17.0352,-66.3752,-0.12,-0.05
17.0352,-66.3195,-0.12,-0.04
17.0352,-66.2638,-0.14,-0.04
17.0352,-66.208,-0.13,-0.02
17.0352,-66.1523,-0.14,-0.02
17.0352,-66.0965,-0.14500000000000002,0.0
17.0352,-66.0408,-0.16,0.02
17.0352,-65.9851,-0.15,0.02
17.0352,-65.9293,-0.15,0.04
17.0352,-65.8736,-0.12,0.06
17.0352,-65.8178,-0.09,0.07
17.0352,-65.7621,-0.07,0.13
17.0352,-65.7064,-0.07,0.15
17.0352,-65.6506,-0.02,0.22
17.0352,-65.5949,-0.03,0.19
17.0352,-65.5391,-0.06,0.18
17.0352,-65.4834,-0.03,0.17
17.0352,-65.4277,-0.19,0.1
17.0352,-65.3719,-0.37,-0.12
17.0891,-67.4343,-0.11,0.03
17.0891,-67.3228,-0.165,0.04
17.0891,-67.2671,-0.16,0.01
17.0891,-67.2113,-0.16,0.01
17.0891,-67.1556,-0.16,-0.01
17.0891,-67.0999,-0.15,-0.02
17.0891,-67.0441,-0.15,-0.03
17.0891,-66.9884,-0.17,-0.06
17.0891,-66.9326,-0.17,-0.09
17.0891,-66.8769,-0.17,-0.08
17.0891,-66.8212,-0.16,-0.08
17.0891,-66.7654,-0.15,-0.08
17.0891,-66.7097,-0.14,-0.09
17.0891,-66.6539,-0.12,-0.1
17.0891,-66.5982,-0.11,-0.1
17.0891,-66.5425,-0.12,-0.09
17.0891,-66.4867,-0.11,-0.08
17.0891,-66.431,-0.12,-0.06
17.0891,-66.3752,-0.12,-0.04
17.0891,-66.3195,-0.14,-0.03
17.0891,-66.2638,-0.14,-0.025
17.0891,-66.208,-0.15,-0.02
17.0891,-66.1523,-0.15,0.0
17.0891,-66.0965,-0.14,0.01
17.0891,-66.0408,-0.16,0.02
17.0891,-65.9851,-0.16,0.03
17.0891,-65.9293,-0.16,0.05
17.0891,-65.8736,-0.14,0.05
17.0891,-65.8178,-0.1,0.07
17.0891,-65.7621,-0.07,0.14500000000000002
17.0891,-65.7064,-0.07,0.155
17.0891,-65.6506,-0.07,0.17
17.0891,-65.5949,-0.09,0.17
17.0891,-65.5391,-0.07,0.17
17.0891,-65.4834,-0.1,0.15
17.0891,-65.4277,-0.11,0.1
17.0891,-65.3719,-0.15500000000000003,0.02
17.1431,-67.4343,0.0,0.01
17.1431,-67.3786,-0.125,0.045
17.1431,-67.3228,-0.2,0.065
17.1431,-67.2671,-0.16,0.05
17.1431,-67.2113,-0.18,0.01
17.1431,-67.1556,-0.17,-0.005
17.1431,-67.0999,-0.14,-0.02
17.1431,-67.0441,-0.13,-0.04
17.1431,-66.9884,-0.16,-0.06
17.1431,-66.9326,-0.17,-0.08
17.1431,-66.8769,-0.17,-0.08
17.1431,-66.8212,-0.16,-0.08
17.1431,-66.7654,-0.16,-0.08
17.1431,-66.7097,-0.15,-0.09
17.1431,-66.6539,-0.14,-0.09
17.1431,-66.5982,-0.13,-0.1
17.1431,-66.5425,-0.13,-0.08
17.1431,-66.4867,-0.13,-0.07
17.1431,-66.431,-0.12,-0.05
17.1431,-66.3752,-0.14,-0.03
17.1431,-66.3195,-0.14,-0.03
17.1431,-66.2638,-0.15,-0.02
17.1431,-66.208,-0.15,-0.01
17.1431,-66.1523,-0.16,0.0
17.1431,-66.0965,-0.16,0.01
17.1431,-66.0408,-0.17,0.02
17.1431,-65.9851,-0.16,0.03
17.1431,-65.9293,-0.14,0.05
17.1431,-65.8736,-0.13,0.06
17.1431,-65.8178,-0.11,0.09
17.1431,-65.7621,-0.08,0.15
17.1431,-65.7064,-0.1,0.15
17.1431,-65.6506,-0.09,0.15
17.1431,-65.5949,-0.065,0.17
17.1431,-65.5391,-0.095,0.14500000000000002
17.1431,-65.4834,-0.2,0.11
17.1431,-65.4277,-0.17,0.06
17.1431,-65.3719,-0.125,0.05500000000000001
17.1431,-65.3162,-0.45,-0.20500000000000002
17.197,-67.3786,-0.08499999999999999,0.02
17.197,-67.3228,-0.10500000000000001,0.04
17.197,-67.2671,-0.17,0.06
17.197,-67.2113,-0.17,0.05
17.197,-67.1556,-0.18,0.0
17.197,-67.0999,-0.15,-0.02
17.197,-67.0441,-0.13,-0.05
17.197,-66.9884,-0.14,-0.06
17.197,-66.9326,-0.17,-0.06
17.197,-66.8769,-0.16,-0.07
17.197,-66.8212,-0.15,-0.08
17.197,-66.7654,-0.16,-0.09
17.197,-66.7097,-0.15,-0.08
17.197,-66.6539,-0.15,-0.09
17.197,-66.5982,-0.14,-0.09
17.197,-66.5425,-0.13,-0.08
17.197,-66.4867,-0.14,-0.07
17.197,-66.431,-0.13,-0.04
17.197,-66.3752,-0.14,-0.03
17.197,-66.3195,-0.14,-0.025
17.197,-66.2638,-0.15,-0.01
17.197,-66.208,-0.15,-0.01
17.197,-66.1523,-0.15,0.01
17.197,-66.0965,-0.15,0.02
17.197,-66.0408,-0.16,0.03
17.197,-65.9851,-0.14,0.04
17.197,-65.9293,-0.14,0.05
17.197,-65.8736,-0.13,0.07
17.197,-65.8178,-0.1,0.1
17.197,-65.7621,-0.12,0.15
17.197,-65.7064,-0.10500000000000001,0.15
17.197,-65.6506,-0.12,0.14
17.197,-65.5949,-0.15,0.12
17.197,-65.5391,-0.2,0.07
17.197,-65.4834,-0.11,0.1
17.197,-65.4277,-0.15,0.10500000000000001
17.197,-65.3719,0.0,0.26
17.197,-65.3162,-0.23,-0.05
17.2509,-67.6015,0.20500000000000002,-0.15000000000000002
17.2509,-67.5458,0.3,-0.12
17.2509,-67.4343,0.17,-0.07
17.2509,-67.3786,0.08,-0.03
17.2509,-67.3228,-0.01,0.01
17.2509,-67.2671,-0.05,0.03
17.2509,-67.2113,-0.16,0.03
17.2509,-67.1556,-0.15,0.02
17.2509,-67.0999,-0.165,-0.02
17.2509,-67.0441,-0.14,-0.04
17.2509,-66.9884,-0.14,-0.04
17.2509,-66.9326,-0.14,-0.065
17.2509,-66.8769,-0.16,-0.07
17.2509,-66.8212,-0.16,-0.07
17.2509,-66.7654,-0.14,-0.08
17.2509,-66.7097,-0.15,-0.09
17.2509,-66.6539,-0.16,-0.1
17.2509,-66.5982,-0.15,-0.09
17.2509,-66.5425,-0.15,-0.08
17.2509,-66.4867,-0.14,-0.06
17.2509,-66.431,-0.15,-0.05
17.2509,-66.3752,-0.15,-0.03
17.2509,-66.3195,-0.15,-0.03
17.2509,-66.2638,-0.14,-0.02
17.2509,-66.208,-0.14,0.0
17.2509,-66.1523,-0.15,0.02
17.2509,-66.0965,-0.15,0.03
17.2509,-66.0408,-0.15,0.03
17.2509,-65.9851,-0.15,0.03
17.2509,-65.9293,-0.14,0.05
17.2509,-65.8736,-0.14,0.08
17.2509,-65.8178,-0.12,0.11
17.2509,-65.7621,-0.1,0.14
17.2509,-65.7064,-0.13,0.14
17.2509,-65.6506,-0.15,0.11
17.2509,-65.5949,-0.16,0.07500000000000001
17.2509,-65.5391,-0.17,0.08
17.2509,-65.4834,-0.08,0.11
17.2509,-65.4277,-0.045,0.12
17.2509,-65.3719,0.0,0.07500000000000001
17.2509,-65.3162,-0.01,-0.06
17.3049,-67.6573,-0.04,-0.04
17.3049,-67.6015,0.05,-0.05
17.3049,-67.5458,0.18,-0.055
17.3049,-67.49,0.14,-0.03
17.3049,-67.4343,0.22,-0.05
17.3049,-67.3786,0.13,-0.01
17.3049,-67.3228,0.08,0.01
17.3049,-67.2671,-0.06,0.03
17.3049,-67.2113,-0.05,0.01
17.3049,-67.1556,-0.13,0.0
17.3049,-67.0999,-0.12,-0.03
17.3049,-67.0441,-0.11,-0.07
17.3049,-66.9884,-0.12,-0.05
17.3049,-66.9326,-0.13,-0.06
17.3049,-66.8769,-0.14,-0.07
17.3049,-66.8212,-0.16,-0.08
17.3049,-66.7654,-0.16,-0.08
17.3049,-66.7097,-0.15,-0.09
17.3049,-66.6539,-0.16,-0.1
17.3049,-66.5982,-0.16,-0.09
17.3049,-66.5425,-0.16,-0.08
17.3049,-66.4867,-0.15,-0.06
17.3049,-66.431,-0.15,-0.04
17.3049,-66.3752,-0.15,-0.03
17.3049,-66.3195,-0.14,-0.03
17.3049,-66.2638,-0.13,-0.02
17.3049,-66.208,-0.14,0.0
17.3049,-66.1523,-0.15,0.01
17.3049,-66.0965,-0.15,0.02
17.3049,-66.0408,-0.15,0.02
17.3049,-65.9851,-0.14,0.04
17.3049,-65.9293,-0.13,0.04
17.3049,-65.8736,-0.12,0.08
17.3049,-65.8178,-0.11,0.12
17.3049,-65.7621,-0.12,0.13
17.3049,-65.7064,-0.13,0.12
17.3049,-65.6506,-0.14,0.1
17.3049,-65.5949,-0.16,0.07
17.3049,-65.5391,-0.14,0.045
17.3049,-65.4834,-0.04,0.09
17.3049,-65.4277,-0.06,0.01
17.3049,-65.3719,-0.035,0.055
17.3588,-67.6573,-0.12,0.1
17.3588,-67.6015,-0.06,0.08
17.3588,-67.5458,-0.04,0.07
17.3588,-67.49,0.1,-0.01
17.3588,-67.4343,0.14,-0.02
17.3588,-67.3786,0.14,-0.01
17.3588,-67.3228,0.11,0.0
17.3588,-67.2671,0.06,0.005
17.3588,-67.2113,-0.02,0.0
17.3588,-67.1556,-0.01,-0.01
17.3588,-67.0999,-0.11,-0.05
17.3588,-67.0441,-0.09,-0.05
17.3588,-66.9884,-0.09,-0.06
17.3588,-66.9326,-0.12,-0.07
17.3588,-66.8769,-0.13,-0.06
17.3588,-66.8212,-0.13,-0.08
17.3588,-66.7654,-0.14,-0.09
17.3588,-66.7097,-0.14,-0.09
17.3588,-66.6539,-0.15,-0.1
17.3588,-66.5982,-0.15,-0.09
17.3588,-66.5425,-0.16,-0.08
17.3588,-66.4867,-0.15,-0.06
17.3588,-66.431,-0.15,-0.05
17.3588,-66.3752,-0.14,-0.04
17.3588,-66.3195,-0.13,-0.02
17.3588,-66.2638,-0.14,-0.01
17.3588,-66.208,-0.14,0.0
17.3588,-66.1523,-0.15,0.01
17.3588,-66.0965,-0.15,0.02
17.3588,-66.0408,-0.14,0.02
17.3588,-65.9851,-0.13,0.03
17.3588,-65.9293,-0.13,0.05
17.3588,-65.8736,-0.12,0.08499999999999999
17.3588,-65.8178,-0.12,0.11
17.3588,-65.7621,-0.11,0.12
17.3588,-65.7064,-0.1,0.12
17.3588,-65.6506,-0.1,0.08
17.3588,-65.5949,-0.11,0.03
17.3588,-65.5391,-0.05,0.06
17.3588,-65.4834,-0.04,0.045
17.3588,-65.4277,-0.075,-0.08
17.4128,-67.713,-0.095,0.085
17.4128,-67.6573,-0.08,0.09
17.4128,-67.6015,-0.11,0.12
17.4128,-67.5458,-0.06,0.08
17.4128,-67.49,-0.04,0.05
17.4128,-67.4343,0.05,0.02
17.4128,-67.3786,0.09,0.01
17.4128,-67.3228,0.11,0.01
17.4128,-67.2671,0.09,0.0
17.4128,-67.2113,0.095,-0.02
17.4128,-67.1556,0.0,-0.02
17.4128,-67.0999,-0.02,-0.02
17.4128,-67.0441,-0.07,-0.05
17.4128,-66.9884,-0.07,-0.03
17.4128,-66.9326,-0.07,-0.07
17.4128,-66.8769,-0.08,-0.06
17.4128,-66.8212,-0.11,-0.07
17.4128,-66.7654,-0.13,-0.08
17.4128,-66.7097,-0.13,-0.08
17.4128,-66.6539,-0.13,-0.09
17.4128,-66.5982,-0.14,-0.09
17.4128,-66.5425,-0.14,-0.08
17.4128,-66.4867,-0.15,-0.06
17.4128,-66.431,-0.15,-0.05
17.4128,-66.3752,-0.15,-0.04
17.4128,-66.3195,-0.15,-0.02
17.4128,-66.2638,-0.14,-0.01
17.4128,-66.208,-0.14,0.0
17.4128,-66.1523,-0.13,0.01
17.4128,-66.0965,-0.13,0.02
17.4128,-66.0408,-0.13,0.03
17.4128,-65.9851,-0.12,0.04
17.4128,-65.9293,-0.12,0.065
17.4128,-65.8736,-0.11499999999999999,0.09
17.4128,-65.8178,-0.1,0.11
17.4128,-65.7621,-0.08,0.11
17.4128,-65.7064,-0.1,0.1
17.4128,-65.6506,-0.09,0.07
17.4128,-65.5949,-0.07,0.03
17.4128,-65.5391,-0.06,0.0
17.4128,-65.4834,-0.04,-0.01
17.4128,-65.4277,-0.01,-0.03
17.4128,-65.3162,0.12,0.17
17.4667,-67.8245,-0.05,0.11
17.4667,-67.7687,-0.06,0.07
17.4667,-67.713,-0.04,0.11
17.4667,-67.6573,-0.09,0.15
17.4667,-67.6015,-0.05,0.12
17.4667,-67.5458,-0.07500000000000001,0.1
17.4667,-67.49,-0.05,0.07
17.4667,-67.4343,-0.01,0.05
17.4667,-67.3786,0.02,0.04
17.4667,-67.3228,0.07,0.02
17.4667,-67.2671,0.065,0.02
17.4667,-67.2113,0.09,-0.01
17.4667,-67.1556,0.05,-0.02
17.4667,-67.0999,0.02,-0.02
17.4667,-67.0441,0.0,-0.02
17.4667,-66.9884,-0.06,-0.04
17.4667,-66.9326,-0.06,-0.03
17.4667,-66.8769,-0.06,-0.04
17.4667,-66.8212,-0.07,-0.04
17.4667,-66.7654,-0.1,-0.06
17.4667,-66.7097,-0.1,-0.06
17.4667,-66.6539,-0.1,-0.07
17.4667,-66.5982,-0.11,-0.08
17.4667,-66.5425,-0.13,-0.07
17.4667,-66.4867,-0.14,-0.06
17.4667,-66.431,-0.14,-0.05
17.4667,-66.3752,-0.14,-0.04
17.4667,-66.3195,-0.13,-0.03
17.4667,-66.2638,-0.13,-0.01
17.4667,-66.208,-0.13,-0.01
17.4667,-66.1523,-0.13,0.01
17.4667,-66.0965,-0.12,0.02
17.4667,-66.0408,-0.11,0.03
17.4667,-65.9851,-0.12,0.04
17.4667,-65.9293,-0.11,0.07
17.4667,-65.8736,-0.09,0.1
17.4667,-65.8178,-0.08,0.1
17.4667,-65.7621,-0.08,0.1
17.4667,-65.7064,-0.02,0.09
17.4667,-65.6506,-0.03,0.08
17.4667,-65.5949,-0.03,0.04
17.4667,-65.5391,-0.03,-0.015
17.4667,-65.4834,0.0,0.02
17.4667,-65.4277,-0.02,-0.08
17.5206,-67.8802,-0.05,0.08
17.5206,-67.8245,-0.03,0.11
17.5206,-67.7687,-0.04,0.11
17.5206,-67.713,-0.06,0.125
17.5206,-67.6573,-0.04,0.12
17.5206,-67.6015,-0.04,0.12
17.5206,-67.5458,-0.05,0.1
17.5206,-67.49,-0.03,0.07
17.5206,-67.4343,-0.02,0.06
17.5206,-67.3786,-0.03,0.05
17.5206,-67.3228,-0.03,0.04
17.5206,-67.2671,0.04,0.02
17.5206,-67.2113,0.08,-0.01
17.5206,-67.1556,0.06,-0.02
17.5206,-67.0999,0.05,-0.01
17.5206,-67.0441,0.03,-0.02
17.5206,-66.9884,0.0,-0.04
17.5206,-66.9326,-0.04,-0.04
17.5206,-66.8769,-0.05,-0.04
17.5206,-66.8212,-0.05,-0.03
17.5206,-66.7654,-0.05,-0.03
17.5206,-66.7097,-0.06,-0.04
17.5206,-66.6539,-0.07,-0.05
17.5206,-66.5982,-0.08,-0.06
17.5206,-66.5425,-0.1,-0.07
17.5206,-66.4867,-0.12,-0.06
17.5206,-66.431,-0.13,-0.05
17.5206,-66.3752,-0.13,-0.05
17.5206,-66.3195,-0.13,-0.04
17.5206,-66.2638,-0.12,-0.02
17.5206,-66.208,-0.11,-0.01
17.5206,-66.1523,-0.11,0.01
17.5206,-66.0965,-0.11,0.02
17.5206,-66.0408,-0.1,0.03
17.5206,-65.9851,-0.1,0.04
17.5206,-65.9293,-0.08,0.07
17.5206,-65.8736,-0.08,0.1
17.5206,-65.8178,-0.06,0.1
17.5206,-65.7621,-0.02,0.11
17.5206,-65.7064,-0.01,0.09
17.5206,-65.6506,-0.01,0.06
17.5206,-65.5949,0.0,0.01
17.5206,-65.5391,-0.045,-0.055
17.5206,-65.4834,-0.02,-0.03
17.5746,-67.936,-0.015,0.045
17.5746,-67.8802,-0.01,0.09
17.5746,-67.8245,-0.03,0.1
17.5746,-67.7687,-0.05,0.12
17.5746,-67.713,-0.04,0.13
17.5746,-67.6573,-0.05,0.11
17.5746,-67.6015,-0.06,0.12
17.5746,-67.5458,-0.02,0.09
17.5746,-67.49,-0.01,0.08
17.5746,-67.4343,-0.03,0.07
17.5746,-67.3786,-0.04,0.06
17.5746,-67.3228,-0.02,0.04
17.5746,-67.2671,-0.01,0.02
17.5746,-67.2113,0.06,-0.01
17.5746,-67.1556,0.05,-0.01
17.5746,-67.0999,0.06,-0.01
17.5746,-67.0441,0.04,-0.03
17.5746,-66.9884,0.01,-0.03
17.5746,-66.9326,-0.01,-0.04
17.5746,-66.8769,-0.03,-0.02
17.5746,-66.8212,-0.035,-0.02
17.5746,-66.7654,-0.04,-0.02
17.5746,-66.7097,-0.04,-0.03
17.5746,-66.6539,-0.04,-0.03
17.5746,-66.5982,-0.07,-0.05
17.5746,-66.5425,-0.07,-0.05
17.5746,-66.4867,-0.09,-0.05
17.5746,-66.431,-0.1,-0.04
17.5746,-66.3752,-0.11,-0.04
17.5746,-66.3195,-0.11,-0.04
17.5746,-66.2638,-0.11,-0.02
17.5746,-66.208,-0.1,-0.02
17.5746,-66.1523,-0.08,0.0
17.5746,-66.0965,-0.09,0.01
17.5746,-66.0408,-0.095,0.02
17.5746,-65.9851,-0.08,0.04
17.5746,-65.9293,-0.07,0.07
17.5746,-65.8736,-0.03,0.1
17.5746,-65.8178,-0.02,0.11
17.5746,-65.7621,-0.01,0.1
17.5746,-65.7064,0.0,0.07
17.5746,-65.6506,0.01,0.03
17.5746,-65.5949,0.01,0.0
17.5746,-65.5391,0.01,-0.015
17.5746,-65.4834,-0.015,-0.055
17.5746,-65.4277,0.05,-0.07
17.6285,-67.9917,-0.11,0.19
17.6285,-67.936,-0.07500000000000001,0.14
17.6285,-67.8802,-0.05,0.07
17.6285,-67.8245,-0.04,0.08
17.6285,-67.7687,-0.02,0.08
17.6285,-67.713,-0.04,0.12
17.6285,-67.6573,-0.03,0.11
17.6285,-67.6015,-0.05,0.12
17.6285,-67.5458,-0.05,0.13
17.6285,-67.49,-0.03,0.1
17.6285,-67.4343,-0.01,0.08
17.6285,-67.3786,-0.01,0.06
17.6285,-67.3228,-0.03,0.06
17.6285,-67.2671,-0.01,0.03
17.6285,-67.2113,0.03,0.0
17.6285,-67.1556,0.04,-0.02
17.6285,-67.0999,0.04,-0.02
17.6285,-67.0441,0.04,-0.03
17.6285,-66.9884,0.02,-0.03
17.6285,-66.9326,0.01,-0.02
17.6285,-66.8769,-0.01,-0.01
17.6285,-66.8212,-0.03,-0.01
17.6285,-66.7654,-0.03,-0.02
17.6285,-66.7097,-0.03,-0.03
17.6285,-66.6539,-0.04,-0.03
17.6285,-66.5982,-0.04,-0.04
17.6285,-66.5425,-0.05,-0.05
17.6285,-66.4867,-0.06,-0.04
17.6285,-66.431,-0.09,-0.04
17.6285,-66.3752,-0.09,-0.04
17.6285,-66.3195,-0.1,-0.03
17.6285,-66.2638,-0.1,-0.03
17.6285,-66.208,-0.1,-0.01
17.6285,-66.1523,-0.08,0.0
17.6285,-66.0965,-0.07,0.01
17.6285,-66.0408,-0.07,0.01
17.6285,-65.9851,-0.07,0.04
17.6285,-65.9293,-0.04,0.07
17.6285,-65.8736,-0.02,0.09
17.6285,-65.8178,0.01,0.1
17.6285,-65.7621,0.03,0.1
17.6285,-65.7064,0.04,0.07
17.6285,-65.6506,0.04,0.05
17.6285,-65.5949,0.04,0.01
17.6285,-65.5391,0.04,0.01
17.6285,-65.4834,0.015,-0.035
17.6285,-65.4277,0.015,-0.1
17.6285,-65.3719,0.125,0.005
17.6825,-68.0474,-0.04,0.09
17.6825,-67.9917,-0.04,0.065
17.6825,-67.936,-0.02,0.02
17.6825,-67.8802,-0.03,0.05
17.6825,-67.8245,-0.01,0.04
17.6825,-67.7687,-0.01,0.07
17.6825,-67.713,-0.02,0.1
17.6825,-67.6573,-0.01,0.13
17.6825,-67.6015,-0.02,0.135
17.6825,-67.5458,-0.015,0.13
17.6825,-67.49,-0.01,0.1
17.6825,-67.4343,-0.01,0.08
17.6825,-67.3786,-0.02,0.06
17.6825,-67.3228,-0.02,0.06
17.6825,-67.2671,0.0,0.03
17.6825,-67.2113,0.04,0.0
17.6825,-67.1556,0.01,-0.025
17.6825,-67.0999,0.03,-0.03
17.6825,-67.0441,0.03,-0.03
17.6825,-66.9884,0.02,-0.03
17.6825,-66.9326,0.01,0.0
17.6825,-66.8769,0.0,0.01
17.6825,-66.8212,-0.02,0.0
17.6825,-66.7654,-0.03,-0.01
17.6825,-66.7097,-0.02,-0.02
17.6825,-66.6539,-0.03,-0.04
17.6825,-66.5982,-0.04,-0.04
17.6825,-66.5425,-0.04,-0.04
17.6825,-66.4867,-0.05,-0.02
17.6825,-66.431,-0.07,-0.02
17.6825,-66.3752,-0.09,-0.02
17.6825,-66.3195,-0.1,-0.03
17.6825,-66.2638,-0.1,-0.02
17.6825,-66.208,-0.1,-0.02
17.6825,-66.1523,-0.08,-0.02
17.6825,-66.0965,-0.08,0.0
17.6825,-66.0408,-0.07500000000000001,0.01
17.6825,-65.9851,-0.05,0.035
17.6825,-65.9293,-0.02,0.06
17.6825,-65.8736,-0.01,0.07
17.6825,-65.8178,0.015,0.09
17.6825,-65.7621,0.02,0.1
17.6825,-65.7064,0.04,0.09
17.6825,-65.6506,0.04,0.05
17.6825,-65.5949,0.06,0.02
17.6825,-65.5391,0.02,0.01
17.6825,-65.4834,0.0,-0.04
17.7364,-68.0474,0.065,-0.12
17.7364,-67.9917,-0.01,-0.01
17.7364,-67.936,-0.01,0.02
17.7364,-67.8802,0.01,0.0
17.7364,-67.8245,0.01,0.03
17.7364,-67.7687,0.01,0.05
17.7364,-67.713,0.02,0.07500000000000001
17.7364,-67.6573,0.03,0.11
17.7364,-67.6015,0.03,0.14
17.7364,-67.5458,0.02,0.13
17.7364,-67.49,0.01,0.12
17.7364,-67.4343,0.02,0.09
17.7364,-67.3786,0.0,0.06
17.7364,-67.3228,0.0,0.05
17.7364,-67.2671,0.02,0.03
17.7364,-67.2113,0.04,0.01
17.7364,-67.1556,0.03,-0.02
17.7364,-67.0999,0.01,-0.02
17.7364,-67.0441,0.0,-0.03
17.7364,-66.9884,0.01,-0.01
17.7364,-66.9326,0.0,0.01
17.7364,-66.8769,-0.01,0.02
17.7364,-66.8212,-0.01,0.02
17.7364,-66.7654,-0.02,0.0
17.7364,-66.7097,-0.02,-0.02
17.7364,-66.6539,-0.02,-0.03
17.7364,-66.5982,-0.03,-0.05
17.7364,-66.5425,-0.05,-0.03
17.7364,-66.4867,-0.05,-0.02
17.7364,-66.431,-0.06,-0.01
17.7364,-66.3752,-0.07,0.0
17.7364,-66.3195,-0.08,-0.01
17.7364,-66.2638,-0.09,-0.02
17.7364,-66.208,-0.09,-0.02
17.7364,-66.1523,-0.08,-0.03
17.7364,-66.0965,-0.08,-0.01
17.7364,-66.0408,-0.08,0.01
17.7364,-65.9851,-0.07,0.02
17.7364,-65.9293,-0.04,0.05
17.7364,-65.8736,-0.02,0.07
17.7364,-65.8178,-0.01,0.07
17.7364,-65.7621,0.01,0.1
17.7364,-65.7064,0.03,0.08
17.7364,-65.6506,0.05,0.04
17.7364,-65.5949,0.01,-0.01
17.7903,-67.9917,-0.01,0.0
17.7903,-67.936,0.02,-0.02
17.7903,-67.8802,0.03,0.01
17.7903,-67.8245,0.02,0.01
17.7903,-67.7687,0.02,0.04
17.7903,-67.713,0.03,0.09
17.7903,-67.6573,0.04,0.11
17.7903,-67.6015,0.04,0.15
17.7903,-67.5458,0.03,0.15
17.7903,-67.49,0.03,0.13
17.7903,-67.4343,0.02,0.1
17.7903,-67.3786,0.02,0.06
17.7903,-67.3228,0.01,0.04
17.7903,-67.2671,0.01,0.02
17.7903,-67.2113,0.03,0.01
17.7903,-67.1556,0.0,-0.02
17.7903,-67.0999,-0.02,-0.01
17.7903,-67.0441,-0.04,-0.03
17.7903,-66.9884,-0.03,-0.03
17.7903,-66.9326,-0.01,0.02
17.7903,-66.8769,-0.01,0.02
17.7903,-66.8212,-0.01,0.01
17.7903,-66.7654,-0.03,-0.03
17.7903,-66.7097,-0.03,-0.04
17.7903,-66.6539,-0.01,-0.03
17.7903,-66.5982,-0.05,-0.04
17.7903,-66.5425,-0.03,-0.05
17.7903,-66.4867,-0.01,-0.01
17.7903,-66.431,-0.01,0.015
17.7903,-66.3752,-0.03,0.02
17.7903,-66.3195,-0.06,0.0
17.7903,-66.2638,-0.08,-0.02
17.7903,-66.208,-0.08,-0.04
17.7903,-66.1523,-0.08,-0.06
17.7903,-66.0965,-0.09,-0.04
17.7903,-66.0408,-0.12,-0.01
17.7903,-65.9851,-0.13,0.02
17.7903,-65.9293,-0.06,0.04
17.7903,-65.8736,-0.06,0.05
17.7903,-65.8178,-0.05,0.07
17.7903,-65.7621,-0.05,0.08499999999999999
17.7903,-65.7064,-0.03,0.125
17.8443,-67.936,-0.02,0.13
17.8443,-67.8802,0.05,0.01
17.8443,-67.8245,0.04,0.0
17.8443,-67.7687,0.05,0.0
17.8443,-67.713,0.06,0.05
17.8443,-67.6573,0.06,0.1
17.8443,-67.6015,0.05,0.14
17.8443,-67.5458,0.05,0.16
17.8443,-67.49,0.04,0.14
17.8443,-67.4343,0.03,0.1
17.8443,-67.3786,0.02,0.06
17.8443,-67.3228,0.0,0.04
17.8443,-67.2671,-0.02,0.02
17.8443,-67.2113,-0.01,0.01
17.8443,-67.1556,-0.01,-0.01
17.8443,-67.0999,-0.02,-0.02
17.8443,-67.0441,-0.05,-0.02
17.8443,-66.9884,-0.04,0.0
17.8443,-66.9326,-0.02,0.01
17.8443,-66.8769,-0.02,0.01
17.8443,-66.8212,-0.03,-0.04
17.8443,-66.7654,-0.04,-0.04
17.8443,-66.7097,-0.05,-0.04
17.8443,-66.6539,-0.06,-0.04
17.8443,-66.5982,-0.02,-0.04
17.8443,-66.5425,0.0,-0.04
17.8443,-66.4867,0.04,0.0
17.8443,-66.431,0.0,-0.02
17.8443,-66.208,-0.065,-0.12000000000000001
17.8443,-66.1523,-0.11,-0.2
17.8443,-66.0965,-0.13,-0.13
17.8443,-66.0408,-0.14,-0.04
17.8443,-65.9851,-0.2,0.03
17.8443,-65.9293,-0.195,0.05
17.8443,-65.8736,-0.175,0.05
17.8443,-65.8178,-0.11,0.06
17.8982,-67.9917,0.01,0.08
17.8982,-67.936,0.0,0.16
17.8982,-67.8802,0.06,-0.04
17.8982,-67.8245,0.05,-0.04
17.8982,-67.7687,0.05,-0.03
17.8982,-67.713,0.09,-0.03
17.8982,-67.6573,0.09,0.04
17.8982,-67.6015,0.07,0.1
17.8982,-67.5458,0.05,0.14
17.8982,-67.49,0.04,0.14
17.8982,-67.4343,0.02,0.1
17.8982,-67.3786,0.0,0.06
17.8982,-67.3228,-0.02,0.04
17.8982,-67.2671,-0.02,0.02
17.8982,-67.2113,-0.01,0.01
17.8982,-67.1556,-0.02,0.0
17.8982,-67.0999,-0.02,0.0
17.8982,-67.0441,-0.04,0.0
17.8982,-66.9884,-0.055,0.01
17.8982,-66.9326,-0.07,0.02
17.8982,-66.8769,-0.07,0.01
17.8982,-66.8212,-0.05,-0.1
17.8982,-66.7654,-0.07,-0.05
17.8982,-66.7097,-0.1,-0.03
17.8982,-66.6539,-0.07,-0.03
17.8982,-66.5982,0.0,-0.03
17.8982,-66.5425,0.03,-0.02
17.8982,-66.4867,0.09,0.02
17.8982,-66.0965,-0.175,-0.08499999999999999
17.8982,-66.0408,-0.135,-0.035
17.9522,-67.936,0.0,0.21
17.9522,-67.8802,0.05,-0.05
17.9522,-67.8245,0.04,-0.06
17.9522,-67.7687,0.04,-0.05
17.9522,-67.713,0.06,-0.02
17.9522,-67.6573,0.1,-0.01
17.9522,-67.6015,0.09,0.045
17.9522,-67.5458,0.07,0.09
17.9522,-67.49,0.05,0.11
17.9522,-67.4343,0.02,0.1
17.9522,-67.3786,-0.01,0.08
17.9522,-67.3228,-0.02,0.05
17.9522,-67.2671,-0.05,0.04
18.0061,-67.8245,0.02,-0.08
18.0061,-67.7687,0.02,-0.09
18.0061,-67.713,0.02,-0.04
18.0061,-67.6573,0.04,0.0
18.0061,-67.6015,0.05,0.04
18.0061,-67.5458,0.04,0.07
18.0061,-67.49,0.0,0.12
18.0061,-67.4343,-0.02,0.11
18.0061,-67.3786,-0.01,0.08
18.0061,-67.3414,0.005,0.1
18.0061,-67.3228,-0.03,0.05
18.0061,-67.2671,-0.05,0.04
18.0061,-67.2113,-0.05,0.02
18.0241,-67.36,0.03,0.15
18.0241,-67.3228,0.02,0.12
18.0241,-67.3042,0.03,0.09
18.0241,-67.2857,0.02,0.07
18.0241,-67.2671,0.05,0.11
18.0421,-67.3971,-0.01,0.12
18.0421,-67.3786,0.02,0.11
18.0421,-67.36,0.02,0.08
18.0421,-67.3414,0.0,0.09
18.0421,-67.3228,0.0,0.065
18.0421,-67.3042,-0.06,0.03
18.0421,-67.2857,-0.03,0.03
18.0421,-67.2671,0.0,0.02
18.0421,-67.2485,0.0,0.02
18.0421,-67.2299,-0.11,0.02
18.06,-67.7687,0.0,-0.18
18.06,-67.713,0.0,-0.1
18.06,-67.6573,0.0,-0.05
18.06,-67.6015,0.02,0.02
18.06,-67.5458,0.01,0.09
18.06,-67.49,-0.04,0.13
18.06,-67.4343,-0.04,0.1
18.06,-67.4157,-0.03,0.12
18.06,-67.3786,-0.03,0.07
18.06,-67.36,0.0,0.06
18.06,-67.3414,-0.02,0.025
18.06,-67.3228,-0.05,0.04
18.06,-67.3042,-0.06,0.03
18.06,-67.2857,-0.05,0.02
18.06,-67.2671,-0.05,0.02
18.06,-67.2485,-0.03,0.0
18.06,-67.2299,-0.02,0.0
18.06,-67.2113,-0.04,0.01
18.078,-67.4715,-0.06,0.12
18.078,-67.4343,-0.05,0.12
18.078,-67.4157,-0.02,0.055
18.078,-67.3971,-0.01,0.07
18.078,-67.3786,-0.01,0.05
18.078,-67.36,-0.02,0.02
18.078,-67.3414,-0.02,0.02
18.078,-67.3228,-0.05,0.04
18.078,-67.3042,-0.07,0.03
18.078,-67.2857,-0.07,0.01
18.078,-67.2671,-0.045,0.01
18.078,-67.2485,-0.04,0.0
18.078,-67.2299,-0.04,-0.01
18.078,-67.2113,-0.03,0.0
18.096,-67.49,-0.05,0.09
18.096,-67.4529,-0.07,0.12
18.096,-67.4343,-0.06,0.09
18.096,-67.4157,-0.035,0.07
18.096,-67.3971,-0.03,0.01
18.096,-67.3786,-0.02,0.0
18.096,-67.36,-0.03,0.03
18.096,-67.3414,-0.03,0.025
18.096,-67.3228,-0.07,0.04
18.096,-67.3042,-0.08,0.03
18.096,-67.2857,-0.08,0.02
18.096,-67.2671,-0.06,0.0
18.096,-67.2485,-0.05,0.0
18.096,-67.2299,-0.04,-0.01
18.096,-67.2113,-0.035,-0.01
18.114,-67.8245,-0.03,-0.23
18.114,-67.7687,-0.02,-0.23
18.114,-67.713,-0.02,-0.19
18.114,-67.6573,-0.03,-0.11
18.114,-67.6015,-0.03,-0.01
18.114,-67.5458,-0.04,0.07
18.114,-67.49,-0.07,0.12
18.114,-67.4715,-0.08,0.12
18.114,-67.4529,-0.08,0.12
18.114,-67.4343,-0.07,0.1
18.114,-67.3971,-0.04,0.015
18.114,-67.3786,-0.05,0.04
18.114,-67.36,-0.045,0.015
18.114,-67.3414,-0.05,0.025
18.114,-67.3228,-0.07,0.035
18.114,-67.3042,-0.08,0.03
18.114,-67.2857,-0.08,0.02
18.114,-67.2671,-0.055,0.01
18.114,-67.2485,-0.05,0.02
18.114,-67.2299,-0.04,0.0
18.114,-67.2113,-0.05,-0.01
18.132,-67.49,-0.08,0.08
18.132,-67.4529,-0.08,0.13
18.132,-67.4343,-0.07,0.1
18.132,-67.4157,-0.06,0.05
18.132,-67.3971,-0.06,0.04
18.132,-67.3786,-0.07,0.03
18.132,-67.36,-0.08,0.04
18.132,-67.3414,-0.08,0.02
18.132,-67.3228,-0.09,0.035
18.132,-67.3042,-0.09,0.02
18.132,-67.2857,-0.09,0.03
18.132,-67.2671,-0.08,0.02
18.132,-67.2485,-0.06,0.01
18.132,-67.2299,-0.05,-0.015
18.132,-67.2113,-0.04,-0.01
18.1499,-67.4529,-0.09,0.11
18.1499,-67.4343,-0.08,0.1
18.1499,-67.4157,-0.08,0.09
18.1499,-67.3971,-0.07,0.05
18.1499,-67.3786,-0.09,0.05
18.1499,-67.36,-0.1,0.05
18.1499,-67.3414,-0.11,0.05
18.1499,-67.3228,-0.1,0.02
18.1499,-67.3042,-0.1,0.01
18.1499,-67.2857,-0.09,0.01
18.1499,-67.2671,-0.08,0.01
18.1499,-67.2485,-0.06,0.0
18.1499,-67.2299,-0.04,-0.01
18.1499,-67.2113,-0.02,0.0
18.1679,-67.8245,-0.05,-0.16
18.1679,-67.7687,-0.05,-0.2
18.1679,-67.713,-0.05,-0.21
18.1679,-67.6573,-0.06,-0.12
18.1679,-67.6015,-0.08,-0.03
18.1679,-67.5458,-0.09,0.09
18.1679,-67.49,-0.1,0.13
18.1679,-67.4715,-0.13,0.1
18.1679,-67.4529,-0.1,0.14
18.1679,-67.4343,-0.09,0.11
18.1679,-67.4157,-0.09,0.09
18.1679,-67.3971,-0.09,0.08
18.1679,-67.3786,-0.08,0.05
18.1679,-67.36,-0.09,0.05
18.1679,-67.3414,-0.1,0.05
18.1679,-67.3228,-0.08,0.02
18.1679,-67.3042,-0.08,0.01
18.1679,-67.2857,-0.07,-0.01
18.1679,-67.2671,-0.06,0.0
18.1679,-67.2485,-0.05,-0.015
18.1679,-67.2299,-0.02,-0.01
18.1679,-67.2113,-0.03,0.0
18.1859,-67.5086,-0.15,0.07
18.1859,-67.4715,-0.13,0.14
18.1859,-67.4529,-0.12,0.15
18.1859,-67.4343,-0.10500000000000001,0.14
18.1859,-67.4157,-0.09,0.11
18.1859,-67.3971,-0.08,0.065
18.1859,-67.3786,-0.08,0.05
18.1859,-67.36,-0.08,0.05
18.1859,-67.3414,-0.08,0.05
18.1859,-67.3228,-0.07,0.04
18.1859,-67.3042,-0.07,0.01
18.1859,-67.2857,-0.06,-0.01
18.1859,-67.2671,-0.04,-0.03
18.1859,-67.2485,-0.03,-0.01
18.1859,-67.2299,0.0,-0.02
18.1859,-67.2113,0.06,-0.01
18.2039,-67.4715,-0.14,0.16
18.2039,-67.4529,-0.12,0.15
18.2039,-67.4343,-0.11,0.15
18.2039,-67.4157,-0.09,0.11
18.2039,-67.3971,-0.08,0.09
18.2039,-67.3786,-0.07,0.05
18.2039,-67.36,-0.06,0.04
18.2039,-67.3414,-0.05,0.04
18.2039,-67.3228,-0.04,0.03
18.2039,-67.3042,-0.04,0.01
18.2039,-67.2857,-0.03,-0.02
18.2039,-67.2671,-0.03,-0.04
18.2039,-67.2485,0.0,-0.03
18.2039,-67.2299,0.01,-0.01
18.2219,-67.8802,-0.07,-0.065
18.2219,-67.8245,-0.06,-0.1
18.2219,-67.7687,-0.07,-0.12
18.2219,-67.713,-0.09,-0.09
18.2219,-67.6573,-0.11,-0.06
18.2219,-67.6015,-0.12,0.02
18.2219,-67.5458,-0.12,0.1
18.2219,-67.49,-0.1,0.13
18.2219,-67.4529,-0.12,0.2
18.2219,-67.4343,-0.09,0.12
18.2219,-67.4157,-0.08,0.16
18.2219,-67.3971,-0.07,0.1
18.2219,-67.3786,-0.05,0.05
18.2219,-67.36,-0.04,0.03
18.2219,-67.3414,-0.03,0.03
18.2219,-67.3228,-0.04,0.0
18.2219,-67.3042,-0.02,-0.01
18.2219,-67.2857,-0.02,-0.03
18.2219,-67.2671,-0.04,-0.02
18.2219,-67.2485,-0.02,-0.02
18.2219,-67.2299,0.0,-0.01
18.2219,-67.2113,-0.04,-0.02
18.2398,-67.49,-0.1,0.25
18.2398,-67.4529,-0.1,0.17
18.2398,-67.4343,-0.08,0.18
18.2398,-67.4157,-0.06,0.12
18.2398,-67.3971,-0.06,0.07
18.2398,-67.3786,-0.04,0.06
18.2398,-67.36,-0.01,0.03
18.2398,-67.3414,-0.01,0.01
18.2398,-67.3228,-0.01,-0.01
18.2398,-67.3042,-0.01,-0.02
18.2398,-67.2857,-0.04,-0.04
18.2398,-67.2671,-0.04,-0.03
18.2398,-67.2485,-0.05,-0.01
18.2398,-67.2299,-0.07,0.02
18.2578,-67.4715,-0.08,0.17
18.2578,-67.4343,-0.05,0.14
18.2578,-67.4157,-0.04,0.1
18.2578,-67.3971,-0.04,0.07
18.2578,-67.3786,-0.02,0.04
18.2578,-67.36,0.0,0.02
18.2578,-67.3414,0.0,-0.01
18.2578,-67.3228,-0.01,-0.01
18.2578,-67.3042,-0.02,-0.025
18.2578,-67.2857,-0.04,-0.04
18.2578,-67.2671,-0.06,-0.03
18.2578,-67.2485,-0.065,-0.01
18.2578,-67.2299,-0.08,0.03
18.2758,-67.936,-0.08,-0.05
18.2758,-67.8802,-0.08,-0.06
18.2758,-67.8245,-0.08,-0.07
18.2758,-67.7687,-0.09,-0.06
18.2758,-67.713,-0.1,-0.01
18.2758,-67.6573,-0.12,0.04
18.2758,-67.6015,-0.12,0.09
18.2758,-67.5458,-0.11,0.11
18.2758,-67.49,-0.09,0.09
18.2758,-67.4529,-0.055,0.13
18.2758,-67.4343,-0.05,0.08
18.2758,-67.4157,-0.04,0.08499999999999999
18.2758,-67.3971,-0.02,0.06
18.2758,-67.3786,-0.02,0.01
18.2758,-67.36,0.0,0.0
18.2758,-67.3414,0.0,-0.02
18.2758,-67.3228,-0.02,-0.02
18.2758,-67.3042,-0.04,-0.03
18.2758,-67.2857,-0.04,-0.03
18.2758,-67.2671,-0.05,-0.02
18.2758,-67.2485,-0.06,0.0
18.2758,-67.2113,-0.05,0.0
18.2938,-67.4343,-0.05,0.11
18.2938,-67.4157,-0.03,0.07500000000000001
18.2938,-67.3971,-0.015,0.04
18.2938,-67.3786,-0.01,0.02
18.2938,-67.36,0.0,-0.03
18.2938,-67.3414,-0.01,-0.06
18.2938,-67.3228,-0.02,-0.05
18.2938,-67.3042,-0.04,-0.06
18.2938,-67.2857,-0.05,-0.03
18.2938,-67.2671,-0.07,-0.02
18.2938,-67.2485,-0.06,-0.01
18.3118,-67.4157,0.11,0.09
18.3118,-67.3971,0.0,0.05
18.3118,-67.3786,-0.01,0.01
18.3118,-67.36,-0.02,-0.04
18.3118,-67.3414,-0.04,-0.06
18.3118,-67.3228,-0.03,-0.065
18.3118,-67.3042,-0.03,-0.06
18.3118,-67.2857,-0.06,-0.07
18.3118,-67.2671,-0.08,-0.04
18.3297,-67.936,-0.06,-0.035
18.3297,-67.8802,-0.08,-0.09
18.3297,-67.8245,-0.1,-0.11
18.3297,-67.7687,-0.11,-0.06
18.3297,-67.713,-0.12,-0.03
18.3297,-67.6573,-0.13,0.02
18.3297,-67.6015,-0.12,0.05
18.3297,-67.5458,-0.11,0.03
18.3297,-67.49,-0.07,0.02
18.3297,-67.4343,-0.05,0.01
18.3297,-67.4157,-0.12499999999999999,-0.22999999999999998
18.3297,-67.3786,-0.02,-0.01
18.3297,-67.36,-0.07500000000000001,-0.135
18.3297,-67.3414,-0.13,-0.125
18.3297,-67.3228,-0.03,-0.04
18.3297,-67.3042,0.035,-0.125
18.3297,-67.2857,-0.05,-0.05
18.3297,-67.2671,-0.04,-0.03
18.3837,-67.8802,-0.06,0.11
18.3837,-67.8245,-0.11,-0.11499999999999999
18.3837,-67.7687,-0.12,-0.11
18.3837,-67.713,-0.15,-0.11499999999999999
18.3837,-67.6573,-0.18,-0.1
18.3837,-67.6015,-0.18,-0.06
18.3837,-67.5458,-0.14,-0.07
18.3837,-67.4343,-0.08,-0.05
18.3837,-67.3786,-0.05,-0.04
18.3837,-67.3228,0.0,-0.03
18.3837,-67.2671,-0.05,-0.03
18.4376,-67.7687,-0.19,-0.19
18.4376,-67.713,-0.15000000000000002,-0.05500000000000001
18.4376,-67.6573,-0.13,-0.09
18.4376,-67.6015,-0.06,0.11
18.4376,-67.5458,-0.09,0.01
18.4376,-67.49,-0.28,-0.25
