Latitude,Longitude,mean_U,mean_V
16.1182,-66.7097,-0.2744186046511628,-0.1006976744186046
16.1182,-66.5425,-0.2669444444444444,-0.1548611111111111
16.1721,-66.7097,-0.2346052631578947,-0.1042105263157894
16.1721,-66.5425,-0.2475,-0.157875
16.1721,-66.3752,-0.2611627906976744,-0.20697674418604653
16.2261,-66.9326,-0.1258974358974359,-0.0858974358974359
16.2261,-66.7097,-0.1974489795918367,-0.11499999999999988
16.2261,-66.5425,-0.2221875,-0.1570833333333333
16.2261,-66.3752,-0.2350877192982456,-0.2014035087719298
16.2261,-66.3195,-0.2353333333333333,-0.2023333333333333
16.2261,-66.2638,-0.2189772727272727,-0.1970454545454545
16.28,-67.0441,-0.13,-0.0316666666666666
16.28,-66.8212,-0.1361428571428571,-0.0915714285714285
16.28,-66.7097,-0.18425,-0.119875
16.28,-66.6539,-0.26,-0.115
16.28,-66.5982,-0.1619827586206896,-0.1534482758620689
16.28,-66.5425,-0.21092105263157893,-0.1661842105263158
16.28,-66.4867,-0.2056818181818182,-0.1667045454545454
16.28,-66.431,-0.1638144329896907,-0.1811340206185567
16.28,-66.3195,-0.2258620689655172,-0.2010344827586207
16.334,-67.0441,-0.1111940298507462,-0.0423880597014925
16.334,-66.9884,-0.24,-0.18
16.334,-66.8212,-0.1113138686131386,-0.1043795620437956
16.334,-66.7654,-0.1141666666666666,-0.1051666666666666
16.334,-66.6539,-0.12688995215311,-0.1433492822966507
16.334,-66.5982,-0.1296026490066225,-0.1468211920529801
16.334,-66.4867,-0.1566225165562914,-0.1780794701986755
16.334,-66.431,-0.1537681159420289,-0.1784057971014492
16.334,-66.3195,-0.1702857142857143,-0.1938571428571428
16.334,-66.2638,-0.1717499999999999,-0.1965
16.334,-66.0408,-0.0385436893203883,-0.1132038834951456
16.334,-65.9851,-0.0385436893203883,-0.1132038834951456
16.3879,-67.2113,-0.0716129032258064,-0.0164516129032258
16.3879,-67.0441,-0.1185714285714285,-0.05298701298701291
16.3879,-66.9884,-0.1104093567251462,-0.0746783625730994
16.3879,-66.9326,-0.0788288288288288,-0.0788288288288288
16.3879,-66.8212,-0.1205882352941176,-0.11139037433155079
16.3879,-66.7654,-0.1105263157894737,-0.11789473684210519
16.3879,-66.7097,-0.21,-0.0881818181818181
16.3879,-66.6539,-0.1175107296137339,-0.1503862660944206
16.3879,-66.5982,-0.1241588785046729,-0.149626168224299
16.3879,-66.5425,-0.3,-0.09
16.3879,-66.4867,-0.1416546762589928,-0.1747482014388489
16.3879,-66.431,-0.135679012345679,-0.1758024691358024
16.3879,-66.3752,-0.1718260869565217,-0.185391304347826
16.3879,-66.3195,-0.1070391061452514,-0.176927374301676
16.3879,-66.2638,-0.1509375,-0.188125
16.3879,-66.208,-0.1428571428571428,-0.1784920634920634
16.3879,-66.1523,-0.0836296296296296,-0.1623703703703704
16.3879,-66.0965,-0.0951449275362319,-0.1677536231884057
16.3879,-66.0408,-0.0086725663716814,-0.1005309734513274
16.4418,-67.2113,-0.0608955223880597,-0.0238805970149253
16.4418,-67.0441,-0.1350485436893204,-0.0597087378640776
16.4418,-66.9884,-0.1144623655913978,-0.0840322580645161
16.4418,-66.9326,-0.095040650406504,-0.0903252032520325
16.4418,-66.8769,-0.12264,-0.0992
16.4418,-66.8212,-0.1230049261083743,-0.1160098522167487
16.4418,-66.7654,-0.1151824817518248,-0.12215328467153279
16.4418,-66.7097,-0.1014492753623188,-0.1277173913043478
16.4418,-66.6539,-0.1224434389140271,-0.1481447963800905
16.4418,-66.5982,-0.1134684684684684,-0.1482432432432432
16.4418,-66.5425,-0.0983268482490272,-0.1498832684824902
16.4418,-66.4867,-0.1196132596685082,-0.162817679558011
16.4418,-66.431,-0.10985148514851481,-0.1600990099009901
16.4418,-66.3752,-0.0766108786610878,-0.1588284518828452
16.4418,-66.3195,-0.0763157894736842,-0.1542543859649122
16.4418,-66.2638,-0.1285314685314685,-0.1752447552447552
16.4418,-66.208,-0.0312217194570135,-0.1269683257918551
16.4418,-66.1523,-0.0668309859154929,-0.1476760563380281
16.4418,-66.0965,-0.0486144578313253,-0.1423493975903614
16.4418,-66.0408,0.0595275590551181,-0.0704724409448818
16.4418,-65.9851,8.196721311475417e-05,-0.0585245901639344
16.4418,-65.9293,0.0323770491803278,-0.0354918032786885
16.4418,-65.8736,0.081734693877551,-0.0021428571428571
16.4958,-67.3228,-0.0211940298507462,-0.0010447761194029
16.4958,-67.1556,-0.112457627118644,-0.0296610169491525
16.4958,-67.0999,-0.0870138888888888,-0.070625
16.4958,-67.0441,-0.1102127659574468,-0.0671808510638297
16.4958,-66.9884,-0.11965714285714281,-0.0869142857142857
16.4958,-66.9326,-0.10541935483870958,-0.0967096774193548
16.4958,-66.8769,-0.0954017857142857,-0.10375
16.4958,-66.8212,-0.1283261802575107,-0.1156652360515021
16.4958,-66.7654,-0.1176393442622951,-0.1197377049180328
16.4958,-66.7097,-0.1024838709677419,-0.1249032258064516
16.4958,-66.6539,-0.0984887459807073,-0.1322186495176849
16.4958,-66.5982,-0.1078799999999999,-0.13824
16.4958,-66.5425,-0.0872659176029962,-0.1431086142322097
16.4958,-66.4867,-0.0881040892193308,-0.1462825278810409
16.4958,-66.431,-0.1056353591160221,-0.1549723756906077
16.4958,-66.3752,-0.0758113207547169,-0.1548679245283019
16.4958,-66.3195,-0.0577272727272727,-0.1432272727272727
16.4958,-66.2638,-0.0889696969696969,-0.1552121212121212
16.4958,-66.208,-0.0319409282700422,-0.1237552742616033
16.4958,-66.1523,-0.0339999999999999,-0.125375
16.4958,-66.0965,-0.0600675675675675,-0.1416891891891891
16.4958,-66.0408,0.0189017341040462,-0.0661849710982659
16.4958,-65.9851,0.0379518072289156,-0.0401204819277108
16.4958,-65.9293,0.0442446043165467,-0.0253956834532374
16.4958,-65.8736,0.096574074074074,0.013981481481481402
16.5497,-67.3786,-0.0210144927536231,0.0036231884057971
16.5497,-67.3228,-0.0191935483870967,-0.0116129032258064
16.5497,-67.2671,-0.0658709677419354,-0.0201290322580645
16.5497,-67.2113,-0.1495833333333333,-0.0075
16.5497,-67.1556,-0.1216279069767441,-0.0372868217054263
16.5497,-67.0999,-0.1089592760180995,-0.0575565610859728
16.5497,-67.0441,-0.1156249999999999,-0.0749107142857142
16.5497,-66.9884,-0.1108403361344537,-0.0860084033613445
16.5497,-66.9326,-0.1208119658119658,-0.0984188034188034
16.5497,-66.8769,-0.1003692307692307,-0.10695384615384611
16.5497,-66.8212,-0.10363905325443779,-0.1118934911242603
16.5497,-66.7654,-0.1241106719367588,-0.1175889328063241
16.5497,-66.7097,-0.0890577507598784,-0.1249240121580547
16.5497,-66.6539,-0.0933434650455927,-0.1275379939209726
16.5497,-66.5982,-0.0961237785016286,-0.1307166123778501
16.5497,-66.5425,-0.085,-0.1364765100671141
16.5497,-66.4867,-0.0852131147540983,-0.1387868852459016
16.5497,-66.431,-0.0674193548387096,-0.138516129032258
16.5497,-66.3752,-0.0704918032786885,-0.1431475409836065
16.5497,-66.3195,-0.05798561151079129,-0.1384892086330935
16.5497,-66.2638,-0.0350390625,-0.1186328125
16.5497,-66.208,-0.0243396226415094,-0.1098490566037735
16.5497,-66.1523,0.0103982300884955,-0.0895132743362831
16.5497,-66.0965,0.0168525896414342,-0.0841035856573705
16.5497,-66.0408,-0.002578947368421,-0.0620526315789473
16.5497,-65.9851,0.0568279569892473,-0.0163978494623655
16.5497,-65.9293,0.0551127819548872,-0.0114285714285714
16.5497,-65.8736,0.0620952380952381,0.0113333333333333
16.5497,-65.8178,0.038953488372093,0.0451162790697674
16.5497,-65.7621,0.1359210526315789,0.1134210526315789
16.6037,-67.49,0.0255172413793103,0.0082758620689655
16.6037,-67.3228,-0.0732258064516129,-0.0120430107526881
16.6037,-67.2671,-0.0784803921568627,-0.0214705882352941
16.6037,-67.2113,-0.0548120300751879,-0.0297744360902255
16.6037,-67.1556,-0.1341666666666666,-0.0163888888888888
16.6037,-67.0999,-0.1276050420168067,-0.0576890756302521
16.6037,-67.0441,-0.1264197530864197,-0.067037037037037
16.6037,-66.9884,-0.1122049689440993,-0.0851242236024844
16.6037,-66.8769,-0.1051129943502824,-0.1065254237288135
16.6037,-66.8212,-0.0998546511627907,-0.10718023255813948
16.6037,-66.7654,-0.095523560209424,-0.1162303664921465
16.6037,-66.7097,-0.0807714285714285,-0.12374285714285711
16.6037,-66.6539,-0.0816571428571428,-0.12331428571428571
16.6037,-66.5982,-0.0822888283378746,-0.1271934604904632
16.6037,-66.5425,-0.0877358490566037,-0.1270440251572327
16.6037,-66.4867,-0.0809917355371901,-0.1293388429752066
16.6037,-66.431,-0.0689644970414201,-0.1281952662721893
16.6037,-66.3752,-0.0605671641791044,-0.1306268656716417
16.6037,-66.3195,-0.0415512465373961,-0.116371191135734
16.6037,-66.2638,-0.0223867069486404,-0.0964954682779456
16.6037,-66.208,-0.0098360655737704,-0.0960983606557377
16.6037,-66.1523,0.0096186440677966,-0.0846610169491525
16.6037,-66.0965,-0.0186742424242424,-0.0636363636363636
16.6037,-66.0408,0.023,-0.0368636363636363
16.6037,-65.9851,0.08819819819819821,0.008018018018018
16.6037,-65.9293,0.0495454545454545,0.0059090909090909
16.6037,-65.8736,0.00304,0.02712
16.6037,-65.8178,0.0405072463768115,0.0626811594202898
16.6037,-65.7621,0.1223076923076923,0.1238461538461538
16.6037,-65.7064,0.1412987012987013,0.11818181818181808
16.6037,-65.6506,0.072,0.178
16.6576,-67.49,0.014090909090909,-0.0016666666666666
16.6576,-67.4343,0.0199999999999999,-0.0167647058823529
16.6576,-67.3786,-0.0314705882352941,-0.002156862745098
16.6576,-67.2671,-0.0778723404255319,-0.0081382978723404
16.6576,-67.2113,-0.0569565217391304,-0.030072463768115898
16.6576,-67.1556,-0.0933962264150943,-0.0462641509433962
16.6576,-67.0999,-0.1969047619047619,-0.0328571428571428
16.6576,-67.0441,-0.13,-0.071692789968652
16.6576,-66.9884,-0.1246764705882352,-0.0811470588235294
16.6576,-66.9326,-0.1212987012987013,-0.0871428571428571
16.6576,-66.8769,-0.11695054945054942,-0.1001098901098901
16.6576,-66.8212,-0.110625,-0.1040489130434782
16.6576,-66.7654,-0.091580310880829,-0.1130310880829015
16.6576,-66.7097,-0.0754120879120879,-0.1217582417582417
16.6576,-66.6539,-0.0701851851851851,-0.1213227513227513
16.6576,-66.5982,-0.0756052631578947,-0.1248421052631579
16.6576,-66.5425,-0.0770087976539589,-0.1263636363636363
16.6576,-66.4867,-0.084027027027027,-0.12410810810810809
16.6576,-66.431,-0.0787671232876712,-0.11860273972602729
16.6576,-66.3752,-0.0671511627906976,-0.1204651162790697
16.6576,-66.3195,-0.0495844155844155,-0.1073506493506493
16.6576,-66.2638,-0.015567867036010999,-0.0835180055401662
16.6576,-66.208,-0.006477611940298499,-0.0866865671641791
16.6576,-66.1523,-0.0035873015873015,-0.0663809523809523
16.6576,-66.0965,0.0128338762214983,-0.0420195439739413
16.6576,-66.0408,0.031136363636363597,-0.0145454545454545
16.6576,-65.9851,0.0506392694063926,0.0182648401826484
16.6576,-65.9293,-0.0259782608695652,0.0333152173913043
16.6576,-65.8736,-0.0064545454545454,0.056
16.6576,-65.8178,0.0440322580645161,0.0687903225806451
16.6576,-65.7621,0.006666666666666601,0.10333333333333332
16.6576,-65.7064,0.0463636363636363,0.1371428571428571
16.6576,-65.6506,0.094927536231884,0.1785507246376811
16.7115,-67.49,-0.02,0.0036363636363636
16.7115,-67.4343,-0.0298039215686274,-0.016078431372549
16.7115,-67.3786,-0.0425766871165644,0.0001840490797546
16.7115,-67.3228,-0.0373863636363636,-0.01125
16.7115,-67.2671,-0.086321243523316,-0.0076165803108808
16.7115,-67.2113,-0.0946829268292683,-0.0199999999999999
16.7115,-67.1556,-0.11572847682119199,-0.037682119205298
16.7115,-67.0999,-0.1324113475177305,-0.0360992907801418
16.7115,-67.0441,-0.142909604519774,-0.0605084745762711
16.7115,-66.9884,-0.1324,-0.0808571428571428
16.7115,-66.9326,-0.1159523809523809,-0.0805291005291005
16.7115,-66.8769,-0.1195103092783505,-0.0929896907216494
16.7115,-66.8212,-0.111180904522613,-0.1013819095477387
16.7115,-66.7654,-0.096959619952494,-0.1071971496437054
16.7115,-66.7097,-0.0839694656488549,-0.1165648854961832
16.7115,-66.6539,-0.0690656565656565,-0.116540404040404
16.7115,-66.5982,-0.0723,-0.121025
16.7115,-66.5425,-0.0839671361502347,-0.1166197183098591
16.7115,-66.4867,-0.0809462915601023,-0.1150639386189258
16.7115,-66.431,-0.0755291005291005,-0.1122486772486772
16.7115,-66.3752,-0.0647089947089947,-0.10849206349206342
16.7115,-66.3195,-0.0658201058201058,-0.0955555555555555
16.7115,-66.2638,-0.0324866310160427,-0.0831818181818181
16.7115,-66.208,-0.013735955056179703,-0.0719101123595505
16.7115,-66.1523,-0.0049253731343283,-0.0430746268656716
16.7115,-66.0965,0.0225730994152046,-0.0224269005847953
16.7115,-66.0408,0.0388996763754045,0.0096116504854368
16.7115,-65.9851,-0.0184951456310679,0.0328640776699029
16.7115,-65.9293,-0.0035714285714284998,0.0595798319327731
16.7115,-65.8736,0.0040140845070422,0.0786619718309859
16.7115,-65.8178,0.0362237762237762,0.0805594405594405
16.7115,-65.7621,0.015,0.1210655737704918
16.7115,-65.7064,0.0399264705882353,0.1567647058823529
16.7115,-65.6506,0.1415730337078651,0.2333707865168539
16.7115,-65.5949,0.1705797101449275,0.2617391304347826
16.7655,-67.6015,-0.044,-0.03
16.7655,-67.5458,-0.035,0.0075
16.7655,-67.49,0.006666666666666601,0.04
16.7655,-67.4343,-0.0377777777777777,0.014444444444444402
16.7655,-67.3786,-0.0325531914893617,-0.0082269503546099
16.7655,-67.3228,-0.0554140127388535,-0.0056687898089171
16.7655,-67.2671,-0.0737735849056603,-0.0100943396226415
16.7655,-67.2113,-0.1250943396226415,0.011509433962264101
16.7655,-67.1556,-0.1368661971830986,-0.0251760563380281
16.7655,-67.0999,-0.1502272727272727,-0.032012987012987
16.7655,-67.0441,-0.1437900874635568,-0.048746355685131096
16.7655,-66.9884,-0.1429859154929577,-0.0678873239436619
16.7655,-66.9326,-0.1362842892768079,-0.0767082294264339
16.7655,-66.8769,-0.133425,-0.08305
16.7655,-66.8212,-0.1251835853131749,-0.0922246220302375
16.7655,-66.7654,-0.10230946882217082,-0.1001385681293302
16.7655,-66.7097,-0.0908675799086757,-0.10938356164383559
16.7655,-66.6539,-0.09040723981900452,-0.1070135746606334
16.7655,-66.5982,-0.0737437185929648,-0.1179899497487437
16.7655,-66.5425,-0.0818032786885245,-0.11056206088992972
16.7655,-66.4867,-0.08156565656565648,-0.1097727272727272
16.7655,-66.431,-0.0730073349633251,-0.1028117359413203
16.7655,-66.3752,-0.0711633663366336,-0.0948019801980197
16.7655,-66.3195,-0.064,-0.08587341772151891
16.7655,-66.2638,-0.0468280871670702,-0.0723486682808716
16.7655,-66.208,-0.0316042780748663,-0.05633689839572191
16.7655,-66.1523,-0.008112676056338,-0.0414084507042253
16.7655,-66.0965,0.013994169096209898,-0.0105830903790087
16.7655,-66.0408,-0.0256611570247933,0.0269834710743801
16.7655,-65.9851,0.0026966292134831,0.0561423220973782
16.7655,-65.9293,-0.0088362068965517,0.0661206896551724
16.7655,-65.8736,-0.026994535519125597,0.0753005464480874
16.7655,-65.8178,-0.0530288461538461,0.1126442307692307
16.7655,-65.7621,-0.0086708860759493,0.1365189873417721
16.7655,-65.7064,0.04512,0.16456
16.7655,-65.6506,0.11976190476190471,0.2498809523809523
16.7655,-65.5949,0.0494871794871794,0.2393589743589743
16.7655,-65.4834,0.1375,0.385
16.8194,-67.5458,-0.0976470588235294,0.02
16.8194,-67.49,-0.174,0.06
16.8194,-67.4343,-0.0806666666666666,0.002
16.8194,-67.3786,-0.061049382716049296,-8.566535683836084e-20
16.8194,-67.3228,-0.0850568181818181,0.0013068181818181
16.8194,-67.2671,-0.091259842519685,-0.007007874015748
16.8194,-67.2113,-0.10453271028037378,-0.017429906542056
16.8194,-67.1556,-0.1384660766961651,-0.0281120943952802
16.8194,-67.0999,-0.1660937499999999,-0.031875
16.8194,-67.0441,-0.1606020942408377,-0.0487434554973822
16.8194,-66.9884,-0.1518933333333333,-0.060320000000000006
16.8194,-66.9326,-0.145390243902439,-0.0719024390243902
16.8194,-66.8769,-0.1489460784313725,-0.0766421568627451
16.8194,-66.8212,-0.1355458515283842,-0.0859825327510917
16.8194,-66.7654,-0.1287633262260128,-0.0886140724946695
16.8194,-66.7097,-0.0999780219780219,-0.1010989010989011
16.8194,-66.6539,-0.0954845814977973,-0.1031497797356828
16.8194,-66.5982,-0.089205298013245,-0.1049668874172185
16.8194,-66.5425,-0.0896190476190476,-0.0989047619047619
16.8194,-66.4867,-0.08836363636363631,-0.10111363636363628
16.8194,-66.431,-0.0804250559284116,-0.09664429530201342
16.8194,-66.3752,-0.0802304147465437,-0.0850460829493087
16.8194,-66.3195,-0.0723963133640553,-0.0712442396313364
16.8194,-66.2638,-0.0688968824940048,-0.0627338129496402
16.8194,-66.208,-0.0508707124010554,-0.0572823218997361
16.8194,-66.1523,-0.0404603580562659,-0.0348337595907928
16.8194,-66.0965,-0.040056338028169,-0.008281690140845
16.8194,-66.0408,-0.0211513157894736,0.0258552631578947
16.8194,-65.9851,-0.0210216718266253,0.0452631578947368
16.8194,-65.9293,-0.0314285714285714,0.0654054054054054
16.8194,-65.8736,-0.0707981220657277,0.08413145539906101
16.8194,-65.8178,-0.0667894736842105,0.1011578947368421
16.8194,-65.7621,-0.0102941176470588,0.1301176470588235
16.8194,-65.7064,0.0015999999999999,0.16744
16.8194,-65.6506,0.0486885245901639,0.2275409836065574
16.8194,-65.5949,0.0717757009345794,0.265981308411215
16.8194,-65.5391,0.1483333333333333,0.36000000000000004
16.8194,-65.4834,0.1316129032258064,0.3303225806451613
16.8734,-67.5458,-0.135,0.049
16.8734,-67.49,-0.006666666666666601,-0.0333333333333333
16.8734,-67.4343,-0.0571929824561403,-0.0282456140350877
16.8734,-67.3786,-0.11125,-0.00525
16.8734,-67.3228,-0.1093617021276595,0.0099290780141843
16.8734,-67.2671,-0.1072888888888888,-0.0129333333333333
16.8734,-67.2113,-0.1258167330677291,-0.0160557768924302
16.8734,-67.1556,-0.1331186440677966,-0.032
16.8734,-67.0999,-0.1545645645645645,-0.0344744744744744
16.8734,-67.0441,-0.16584183673469377,-0.049744897959183604
16.8734,-66.9884,-0.1597297297297297,-0.0615479115479115
16.8734,-66.9326,-0.1613657407407407,-0.0680324074074074
16.8734,-66.8769,-0.1492906178489702,-0.0748283752860412
16.8734,-66.8212,-0.1460044150110375,-0.0852980132450331
16.8734,-66.7654,-0.1295020746887966,-0.0889419087136929
16.8734,-66.7097,-0.1259623430962343,-0.09198744769874471
16.8734,-66.6539,-0.102721649484536,-0.096701030927835
16.8734,-66.5982,-0.1006924643584521,-0.0995519348268839
16.8734,-66.5425,-0.0904103671706263,-0.0961987041036717
16.8734,-66.4867,-0.09074,-0.0891
16.8734,-66.431,-0.0852597402597402,-0.0858874458874458
16.8734,-66.3752,-0.0889008620689655,-0.07125
16.8734,-66.3195,-0.0853164556962025,-0.0662447257383966
16.8734,-66.2638,-0.0836579572446555,-0.0516152019002375
16.8734,-66.208,-0.0705555555555555,-0.0532608695652173
16.8734,-66.1523,-0.0633009708737864,-0.025412621359223297
16.8734,-66.0965,-0.0689196675900277,-0.0100277008310249
16.8734,-66.0408,-0.057486033519553,0.0266480446927374
16.8734,-65.9851,-0.0617133956386292,0.0419626168224299
16.8734,-65.9293,-0.0873219373219373,0.0739031339031339
16.8734,-65.8736,-0.0917799352750809,0.0841747572815534
16.8734,-65.8178,-0.0900706713780918,0.1111307420494699
16.8734,-65.7621,-0.0443877551020408,0.1260204081632653
16.8734,-65.7064,-0.0196913580246913,0.1717283950617284
16.8734,-65.6506,0.0433333333333333,0.22306666666666664
16.8734,-65.5949,0.0596052631578947,0.2523026315789474
16.8734,-65.5391,0.055,0.32375
16.8734,-65.4834,0.1174509803921568,0.3217647058823529
16.9273,-67.49,-0.09375,-0.0037499999999999
16.9273,-67.4343,-0.107,0.0125
16.9273,-67.3786,-0.0955072463768115,-0.0159420289855072
16.9273,-67.3228,-0.1034246575342465,0.0006849315068493
16.9273,-67.2671,-0.1221800947867298,-0.011042654028436
16.9273,-67.2113,-0.1405263157894737,-0.0139473684210526
16.9273,-67.1556,-0.1420289855072463,-0.0306666666666666
16.9273,-67.0999,-0.1465749235474006,-0.040611620795107
16.9273,-67.0441,-0.16475247524752468,-0.0487623762376237
16.9273,-66.9884,-0.1659669811320754,-0.0653301886792452
16.9273,-66.9326,-0.1652153110047847,-0.069066985645933
16.9273,-66.8769,-0.1568346774193548,-0.0775604838709677
16.9273,-66.8212,-0.1540591966173361,-0.0826638477801268
16.9273,-66.7654,-0.1399999999999999,-0.0813562753036437
16.9273,-66.7097,-0.1372310756972111,-0.0885458167330677
16.9273,-66.6539,-0.107156862745098,-0.0876862745098039
16.9273,-66.5982,-0.0950526315789473,-0.0897473684210526
16.9273,-66.5425,-0.0960266159695817,-0.0902661596958175
16.9273,-66.4867,-0.0932059447983014,-0.0838216560509554
16.9273,-66.431,-0.0915127701375245,-0.0795481335952848
16.9273,-66.3752,-0.0926907630522088,-0.0645180722891566
16.9273,-66.3195,-0.1089626556016597,-0.0570954356846473
16.9273,-66.2638,-0.1016880341880342,-0.0531837606837606
16.9273,-66.208,-0.0989777777777777,-0.04375555555555549
16.9273,-66.1523,-0.095758354755784,-0.0217994858611825
16.9273,-66.0965,-0.09210268948655251,-0.0063325183374083
16.9273,-66.0408,-0.1051923076923076,0.0245913461538461
16.9273,-65.9851,-0.1251724137931034,0.0327586206896551
16.9273,-65.9293,-0.1279523809523809,0.0679999999999999
16.9273,-65.8736,-0.100390625,0.077265625
16.9273,-65.8178,-0.1138108108108108,0.0946486486486486
16.9273,-65.7621,-0.0614953271028037,0.137196261682243
16.9273,-65.7064,-0.034863387978142,0.1661202185792349
16.9273,-65.6506,-0.011999999999999898,0.2083684210526316
16.9273,-65.5949,0.0478947368421052,0.2535964912280701
16.9273,-65.5391,0.0667924528301886,0.2821698113207547
16.9273,-65.4834,0.0258181818181818,0.2778181818181818
16.9273,-65.4277,-0.0216666666666666,0.2545833333333333
16.9273,-65.3719,-0.26,0.035
16.9812,-67.4343,-0.0933928571428571,-0.0041071428571428
16.9812,-67.3786,-0.1111111111111111,0.0078888888888888
16.9812,-67.3228,-0.11398876404494379,-0.0110112359550561
16.9812,-67.2671,-0.1159763313609467,-0.0259171597633136
16.9812,-67.2113,-0.1458885017421602,-0.0141114982578397
16.9812,-67.1556,-0.1578571428571428,-0.0256211180124223
16.9812,-67.0999,-0.1714939024390244,-0.0365853658536585
16.9812,-67.0441,-0.1678421052631579,-0.0466578947368421
16.9812,-66.9884,-0.1706264501160093,-0.071183294663573
16.9812,-66.9326,-0.1707093821510297,-0.0711670480549199
16.9812,-66.8769,-0.1591188524590164,-0.0819877049180327
16.9812,-66.8212,-0.1465377176015474,-0.086247582205029
16.9812,-66.7654,-0.1331717171717171,-0.0825656565656565
16.9812,-66.7097,-0.1303740157480315,-0.0874409448818897
16.9812,-66.6539,-0.1156481481481481,-0.0904629629629629
16.9812,-66.5982,-0.0953891050583657,-0.0892412451361867
16.9812,-66.5425,-0.0984803001876172,-0.0868667917448405
16.9812,-66.4867,-0.101025641025641,-0.0782445759368836
16.9812,-66.431,-0.1058812615955473,-0.069165120593692
16.9812,-66.3752,-0.1152986512524084,-0.0520616570327552
16.9812,-66.3195,-0.1174556213017751,-0.0478895463510848
16.9812,-66.2638,-0.1213426853707414,-0.0473747494989979
16.9812,-66.208,-0.1228309572301425,-0.0307331975560081
16.9812,-66.1523,-0.1243212669683258,-0.0253846153846153
16.9812,-66.0965,-0.1226970954356846,0.006804979253112
16.9812,-66.0408,-0.1329594272076372,0.029618138424821
16.9812,-65.9851,-0.1451884700665188,0.0396452328159645
16.9812,-65.9293,-0.1295777777777778,0.0638222222222222
16.9812,-65.8736,-0.1194152046783625,0.0736842105263157
16.9812,-65.8178,-0.1249722222222222,0.0905
16.9812,-65.7621,-0.0577431906614786,0.1413618677042801
16.9812,-65.7064,-0.047310606060606,0.1592424242424242
16.9812,-65.6506,-0.032707423580786,0.1922270742358078
16.9812,-65.5949,0.0028169014084507,0.2295070422535211
16.9812,-65.5391,-0.0035658914728682,0.2264341085271317
16.9812,-65.4834,-0.003015873015873,0.2274603174603174
16.9812,-65.4277,-0.0424999999999999,0.2165
17.0352,-67.3786,-0.1171929824561403,0.0150877192982456
17.0352,-67.3228,-0.1270588235294117,0.0040522875816993
17.0352,-67.2671,-0.1353631284916201,-0.0106145251396648
17.0352,-67.2113,-0.163563829787234,-0.0152127659574468
17.0352,-67.1556,-0.1561631419939577,-0.0218126888217522
17.0352,-67.0999,-0.1583473389355742,-0.0371708683473389
17.0352,-67.0441,-0.1789942528735632,-0.04859195402298849
17.0352,-66.9884,-0.1640096618357488,-0.071183574879227
17.0352,-66.9326,-0.1621042471042471,-0.0762741312741312
17.0352,-66.8769,-0.164235294117647,-0.0786862745098039
17.0352,-66.8212,-0.1513359528487229,-0.0841650294695481
17.0352,-66.7654,-0.1530669144981412,-0.0837360594795539
17.0352,-66.7097,-0.12492700729927,-0.0873905109489051
17.0352,-66.6539,-0.1183606557377049,-0.0901457194899817
17.0352,-66.5982,-0.1132616487455197,-0.0942114695340501
17.0352,-66.5425,-0.102992565055762,-0.0845910780669144
17.0352,-66.4867,-0.1108909090909091,-0.0756
17.0352,-66.431,-0.1183489681050656,-0.0570168855534709
17.0352,-66.3752,-0.1286870503597122,-0.0485071942446043
17.0352,-66.3195,-0.132729044834308,-0.0389668615984405
17.0352,-66.2638,-0.1454845360824742,-0.0343298969072164
17.0352,-66.208,-0.14361328125,-0.02203125
17.0352,-66.1523,-0.1488304093567251,-0.0140545808966861
17.0352,-66.0965,-0.1527865612648221,0.0050790513833992
17.0352,-66.0408,-0.1549591836734694,0.0285102040816326
17.0352,-65.9851,-0.1405714285714285,0.0375306122448979
17.0352,-65.9293,-0.1561538461538461,0.0617249417249417
17.0352,-65.8736,-0.1317045454545454,0.076090909090909
17.0352,-65.8178,-0.1081470588235294,0.0900294117647058
17.0352,-65.7621,-0.0777945619335347,0.1349848942598187
17.0352,-65.7064,-0.0789423076923076,0.14375
17.0352,-65.6506,-0.0169186046511627,0.2076744186046511
17.0352,-65.5949,-0.0376470588235294,0.2037908496732026
17.0352,-65.5391,-0.0710362694300518,0.18450777202072532
17.0352,-65.4834,-0.0428571428571428,0.1817582417582417
17.0352,-65.4277,-0.1566666666666666,0.1311111111111111
17.0352,-65.3719,-0.2936363636363636,-0.0199999999999999
17.0891,-67.4343,-0.1042857142857142,-0.0057142857142857
17.0891,-67.3228,-0.1488571428571428,0.0452857142857142
17.0891,-67.2671,-0.1635233160621761,0.0034715025906735
17.0891,-67.2113,-0.1639240506329114,-0.0067932489451476
17.0891,-67.1556,-0.1571739130434782,-0.0303043478260869
17.0891,-67.0999,-0.1467226890756302,-0.0424089635854341
17.0891,-67.0441,-0.1625699745547073,-0.048422391857506304
17.0891,-66.9884,-0.1690949227373068,-0.0671743929359823
17.0891,-66.9326,-0.1616082474226804,-0.0811340206185567
17.0891,-66.8769,-0.163728813559322,-0.0786817325800376
17.0891,-66.8212,-0.1549431818181818,-0.0799242424242424
17.0891,-66.7654,-0.1485767790262172,-0.0897940074906367
17.0891,-66.7097,-0.1429061371841155,-0.0901805054151624
17.0891,-66.6539,-0.12308823529411758,-0.0945588235294117
17.0891,-66.5982,-0.1176707530647986,-0.0968476357267951
17.0891,-66.5425,-0.1234875444839857,-0.081085409252669
17.0891,-66.4867,-0.1146486486486486,-0.0692972972972973
17.0891,-66.431,-0.1353832116788321,-0.0501277372262773
17.0891,-66.3752,-0.1327536231884058,-0.0428623188405797
17.0891,-66.3195,-0.153210332103321,-0.0328966789667896
17.0891,-66.2638,-0.1582089552238806,-0.0279477611940298
17.0891,-66.208,-0.1528349514563107,-0.0216504854368932
17.0891,-66.1523,-0.174671669793621,-0.0046153846153846
17.0891,-66.0965,-0.1573512476007677,0.0109213051823416
17.0891,-66.0408,-0.1580879541108986,0.0269024856596558
17.0891,-65.9851,-0.1626209677419355,0.0409274193548387
17.0891,-65.9293,-0.1519661733615221,0.0597040169133192
17.0891,-65.8736,-0.1429777777777778,0.0709777777777777
17.0891,-65.8178,-0.10723958333333332,0.0877864583333333
17.0891,-65.7621,-0.0906470588235294,0.1376176470588235
17.0891,-65.7064,-0.0786024844720496,0.1479503105590062
17.0891,-65.6506,-0.0809003215434083,0.1645337620578778
17.0891,-65.5949,-0.0903255813953488,0.1662325581395349
17.0891,-65.5391,-0.0745528455284552,0.1672357723577235
17.0891,-65.4834,-0.0921428571428571,0.1385714285714285
17.0891,-65.4277,-0.0862162162162162,0.1291891891891892
17.0891,-65.3719,-0.115,0.0783333333333333
17.1431,-67.4343,0.0,0.01
17.1431,-67.3786,-0.125,0.046
17.1431,-67.3228,-0.195,0.0581249999999999
17.1431,-67.2671,-0.172,0.052666666666666605
17.1431,-67.2113,-0.1783644859813084,-0.0117289719626168
17.1431,-67.1556,-0.1694881889763779,-0.0225984251968503
17.1431,-67.0999,-0.1398470948012232,-0.044525993883792
17.1431,-67.0441,-0.1286141304347826,-0.05785326086956521
17.1431,-66.9884,-0.1639019189765458,-0.0665884861407249
17.1431,-66.9326,-0.1637090163934426,-0.0720491803278688
17.1431,-66.8769,-0.163320235756385,-0.0770530451866404
17.1431,-66.8212,-0.1593490054249548,-0.0798734177215189
17.1431,-66.7654,-0.15729203539823,-0.0836283185840708
17.1431,-66.7097,-0.1447406082289803,-0.0884615384615384
17.1431,-66.6539,-0.1403180212014134,-0.0948763250883392
17.1431,-66.5982,-0.1347275922671353,-0.0912829525483304
17.1431,-66.5425,-0.1307317073170731,-0.0775261324041811
17.1431,-66.4867,-0.1427127659574468,-0.06031914893617021
17.1431,-66.431,-0.138235294117647,-0.0485467128027681
17.1431,-66.3752,-0.1594326241134751,-0.0274290780141844
17.1431,-66.3195,-0.1611743772241992,-0.0242170818505338
17.1431,-66.2638,-0.1609642857142857,-0.0235714285714285
17.1431,-66.208,-0.1696216216216216,-0.0114774774774774
17.1431,-66.1523,-0.1674642857142857,0.0016071428571428
17.1431,-66.0965,-0.1703786574870912,0.0188984509466437
17.1431,-66.0408,-0.1743947858472998,0.029888268156424504
17.1431,-65.9851,-0.1588724584103512,0.0444731977818853
17.1431,-65.9293,-0.13506,0.061
17.1431,-65.8736,-0.12004,0.06306
17.1431,-65.8178,-0.1193364928909952,0.088649289099526
17.1431,-65.7621,-0.08346875,0.13634375
17.1431,-65.7064,-0.1098895027624309,0.1407458563535911
17.1431,-65.6506,-0.10373177842565588,0.1536443148688046
17.1431,-65.5949,-0.049408602150537606,0.1824193548387096
17.1431,-65.5391,-0.0896875,0.13890625
17.1431,-65.4834,-0.1718181818181818,0.1016477272727272
17.1431,-65.4277,-0.1578461538461538,0.0699999999999999
17.1431,-65.3719,-0.0852380952380952,0.1154761904761904
17.1431,-65.3162,-0.45,-0.205
17.197,-67.3786,-0.0762121212121212,0.0262121212121212
17.197,-67.3228,-0.0998529411764705,0.036985294117647
17.197,-67.2671,-0.1570192307692308,0.0460576923076923
17.197,-67.2113,-0.1575187969924812,0.0336090225563909
17.197,-67.1556,-0.1716888888888889,-0.020177777777777697
17.197,-67.0999,-0.1425867507886435,-0.0403470031545741
17.197,-67.0441,-0.1272357723577236,-0.0590243902439024
17.197,-66.9884,-0.1368407960199004,-0.0618159203980099
17.197,-66.9326,-0.1602247191011236,-0.0644756554307116
17.197,-66.8769,-0.1659926470588235,-0.0733272058823529
17.197,-66.8212,-0.1594827586206896,-0.075287356321839
17.197,-66.7654,-0.1655381944444444,-0.0825868055555555
17.197,-66.7097,-0.1538301559792027,-0.0855979202772963
17.197,-66.6539,-0.1507731958762886,-0.0896735395189003
17.197,-66.5982,-0.147263339070568,-0.09184165232358
17.197,-66.5425,-0.1332987910189982,-0.0707081174438687
17.197,-66.4867,-0.1492521739130435,-0.0563304347826087
17.197,-66.431,-0.1438275862068965,-0.0367241379310344
17.197,-66.3752,-0.1546391752577319,-0.0235051546391752
17.197,-66.3195,-0.1594137931034482,-0.0183103448275862
17.197,-66.2638,-0.1640854700854701,-0.0111452991452991
17.197,-66.208,-0.155667808219178,-0.0036130136986301004
17.197,-66.1523,-0.1640447504302926,0.0100860585197934
17.197,-66.0965,-0.1707772020725388,0.026027633851468
17.197,-66.0408,-0.1675495495495495,0.0345585585585585
17.197,-65.9851,-0.144909420289855,0.0434420289855072
17.197,-65.9293,-0.1361764705882353,0.0530392156862745
17.197,-65.8736,-0.12478,0.07332
17.197,-65.8178,-0.1081415929203539,0.0971238938053097
17.197,-65.7621,-0.1189150943396226,0.1282075471698113
17.197,-65.7064,-0.111505376344086,0.1434946236559139
17.197,-65.6506,-0.1143564356435643,0.138052805280528
17.197,-65.5949,-0.1418530351437699,0.128626198083067
17.197,-65.5391,-0.1788940092165898,0.0863133640552995
17.197,-65.4834,-0.1154700854700854,0.0918803418803418
17.197,-65.4277,-0.1454347826086956,0.085
17.197,-65.3719,-0.10625,0.14625
17.197,-65.3162,-0.23,-0.05
17.2509,-67.6015,0.195,-0.13
17.2509,-67.5458,0.2663157894736842,-0.1447368421052631
17.2509,-67.4343,0.1838461538461538,-0.0816483516483516
17.2509,-67.3786,0.11538071065989838,-0.0353807106598984
17.2509,-67.3228,0.0141035856573705,-0.0144621513944223
17.2509,-67.2671,-0.0128338762214983,-0.007459283387622099
17.2509,-67.2113,-0.1454901960784314,0.0033333333333333
17.2509,-67.1556,-0.1396135265700483,-0.0254589371980676
17.2509,-67.0999,-0.1515277777777777,-0.0439351851851851
17.2509,-67.0441,-0.1368217054263566,-0.0545219638242894
17.2509,-66.9884,-0.127760532150776,-0.0525277161862527
17.2509,-66.9326,-0.1383632286995515,-0.062286995515695
17.2509,-66.8769,-0.1577467411545624,-0.0627188081936685
17.2509,-66.8212,-0.1603818181818182,-0.0724727272727272
17.2509,-66.7654,-0.1574909090909091,-0.0761454545454545
17.2509,-66.7097,-0.1612353923205342,-0.0899833055091819
17.2509,-66.6539,-0.1618227424749163,-0.0969732441471571
17.2509,-66.5982,-0.1487335526315789,-0.0823355263157894
17.2509,-66.5425,-0.1529235880398671,-0.0743853820598006
17.2509,-66.4867,-0.1497310924369748,-0.05465546218487391
17.2509,-66.431,-0.1594675540765391,-0.0330615640599001
17.2509,-66.3752,-0.1545670628183361,-0.0176400679117147
17.2509,-66.3195,-0.154792013311148,-0.0165391014975041
17.2509,-66.2638,-0.1514869281045751,-0.0090359477124183
17.2509,-66.208,-0.1511409395973154,0.0061744966442953
17.2509,-66.1523,-0.1634305317324185,0.0219210977701543
17.2509,-66.0965,-0.1643150684931507,0.0316609589041095
17.2509,-66.0408,-0.1618133802816901,0.0379929577464788
17.2509,-65.9851,-0.1522800718132854,0.0407001795332136
17.2509,-65.9293,-0.1400925925925926,0.0488703703703703
17.2509,-65.8736,-0.1278058252427184,0.0728543689320388
17.2509,-65.8178,-0.1130522088353413,0.1027510040160642
17.2509,-65.7621,-0.1071058315334773,0.1385097192224622
17.2509,-65.7064,-0.122867298578199,0.1473696682464454
17.2509,-65.6506,-0.1417164179104477,0.1319651741293532
17.2509,-65.5949,-0.1618292682926829,0.100640243902439
17.2509,-65.5391,-0.1284892086330935,0.0840287769784172
17.2509,-65.4834,-0.0658333333333333,0.1017592592592592
17.2509,-65.4277,-0.06125,0.1208333333333333
17.2509,-65.3719,0.0107142857142857,0.1321428571428571
17.2509,-65.3162,-0.09333333333333331,-0.08
17.3049,-67.6573,-0.04,-0.04
17.3049,-67.6015,0.05,-0.05
17.3049,-67.5458,0.1830555555555555,-0.0544444444444444
17.3049,-67.49,0.1406766917293233,-0.0448872180451127
17.3049,-67.4343,0.2322147651006711,-0.0699999999999999
17.3049,-67.3786,0.1471299093655589,-0.029274924471299
17.3049,-67.3228,0.10557746478873231,-0.0177746478873239
17.3049,-67.2671,-0.0197777777777777,-0.0029206349206349
17.3049,-67.2113,-0.016039886039886,-0.0235612535612535
17.3049,-67.1556,-0.1129707112970711,-0.0274895397489539
17.3049,-67.0999,-0.1080608365019011,-0.0436501901140684
17.3049,-67.0441,-0.095972850678733,-0.0701357466063348
17.3049,-66.9884,-0.1151063829787234,-0.0551300236406619
17.3049,-66.9326,-0.1262391304347826,-0.0560434782608695
17.3049,-66.8769,-0.1304106776180698,-0.0569199178644763
17.3049,-66.8212,-0.1570727272727272,-0.0712181818181818
17.3049,-66.7654,-0.1609403254972875,-0.0777938517179023
17.3049,-66.7097,-0.1460374149659864,-0.0785204081632653
17.3049,-66.6539,-0.1548489666136725,-0.0875993640699523
17.3049,-66.5982,-0.1610586319218241,-0.0863680781758957
17.3049,-66.5425,-0.1599837398373984,-0.0713983739837398
17.3049,-66.4867,-0.1608623548922056,-0.0536484245439469
17.3049,-66.431,-0.1508674304418985,-0.0283797054009819
17.3049,-66.3752,-0.1523491027732463,-0.0172920065252854
17.3049,-66.3195,-0.1479032258064516,-0.0098548387096774
17.3049,-66.2638,-0.1441004862236628,-0.0049756888168557
17.3049,-66.208,-0.1480288461538461,0.007179487179487099
17.3049,-66.1523,-0.1486046511627907,0.0181893687707641
17.3049,-66.0965,-0.1581927710843373,0.0278829604130808
17.3049,-66.0408,-0.1576869565217391,0.0356347826086956
17.3049,-65.9851,-0.1492526690391459,0.0393416370106761
17.3049,-65.9293,-0.1405169340463458,0.0503386809269162
17.3049,-65.8736,-0.1298529411764706,0.0779411764705882
17.3049,-65.8178,-0.1143204868154158,0.1168965517241379
17.3049,-65.7621,-0.1223045267489711,0.1408230452674897
17.3049,-65.7064,-0.1205829596412556,0.1441479820627803
17.3049,-65.6506,-0.1342465753424657,0.1204383561643835
17.3049,-65.5949,-0.14815625,0.0846875
17.3049,-65.5391,-0.1535470085470085,0.0601709401709401
17.3049,-65.4834,-0.0286597938144329,0.0998969072164948
17.3049,-65.4277,-0.0351515151515151,0.06181818181818181
17.3049,-65.3719,-0.0445,0.0584999999999999
17.3588,-67.6573,-0.1188888888888888,0.0966666666666666
17.3588,-67.6015,-0.0569642857142857,0.0666071428571428
17.3588,-67.5458,-0.0261538461538461,0.05197802197802189
17.3588,-67.49,0.1087730061349693,-0.0158895705521472
17.3588,-67.4343,0.1401498127340824,-0.0219475655430711
17.3588,-67.3786,0.1461538461538461,-0.0178554778554778
17.3588,-67.3228,0.1189935760171306,-0.0135760171306209
17.3588,-67.2671,0.0780199999999999,-0.0101199999999999
17.3588,-67.2113,0.0108872901678657,-0.0182254196642685
17.3588,-67.1556,0.0113995943204868,-0.0210141987829614
17.3588,-67.0999,-0.0966546762589928,-0.0442446043165467
17.3588,-67.0441,-0.0788235294117647,-0.0498039215686274
17.3588,-66.9884,-0.0799653979238754,-0.0628373702422145
17.3588,-66.9326,-0.1127964205816554,-0.0585011185682326
17.3588,-66.8769,-0.1239558232931727,-0.058714859437751
17.3588,-66.8212,-0.1355381604696673,-0.0646183953033268
17.3588,-66.7654,-0.141358024691358,-0.0710229276895943
17.3588,-66.7097,-0.1427635782747603,-0.0761182108626198
17.3588,-66.6539,-0.1527083333333333,-0.0807532051282051
17.3588,-66.5982,-0.1571061093247588,-0.0767684887459807
17.3588,-66.5425,-0.1616313213703099,-0.0642251223491027
17.3588,-66.4867,-0.1538969404186795,-0.0467471819645732
17.3588,-66.431,-0.1516801292407108,-0.030759289176090405
17.3588,-66.3752,-0.1443790849673202,-0.0172549019607843
17.3588,-66.3195,-0.146784,-0.0080159999999999
17.3588,-66.2638,-0.1471428571428571,0.0023233908948194
17.3588,-66.208,-0.1404220779220779,0.013506493506493498
17.3588,-66.1523,-0.1487209302325581,0.0189867109634551
17.3588,-66.0965,-0.1478797996661101,0.0279465776293823
17.3588,-66.0408,-0.1409090909090909,0.0304195804195804
17.3588,-65.9851,-0.1414782608695652,0.0412521739130434
17.3588,-65.9293,-0.1390310786106033,0.0573308957952468
17.3588,-65.8736,-0.1323272727272727,0.0883818181818181
17.3588,-65.8178,-0.1325046728971962,0.1137196261682243
17.3588,-65.7621,-0.1192756539235412,0.1309255533199195
17.3588,-65.7064,-0.10421412300683372,0.1331435079726651
17.3588,-65.6506,-0.1076373626373626,0.10260989010989012
17.3588,-65.5949,-0.12017167381974242,0.0629184549356223
17.3588,-65.5391,-0.0545578231292517,0.0779591836734693
17.3588,-65.4834,-0.0370175438596491,0.0613157894736842
17.3588,-65.4277,-0.0616666666666666,-0.0433333333333333
17.4128,-67.713,-0.10125,0.1225
17.4128,-67.6573,-0.086031746031746,0.0987301587301587
17.4128,-67.6015,-0.10800000000000001,0.1175555555555555
17.4128,-67.5458,-0.0521848739495798,0.0738655462184874
17.4128,-67.49,-0.023693181818181804,0.0534090909090909
17.4128,-67.4343,0.0540851063829787,0.0168936170212765
17.4128,-67.3786,0.0976346153846153,0.0093653846153846
17.4128,-67.3228,0.1219776119402985,0.002910447761194
17.4128,-67.2671,0.1003676470588235,-0.0024632352941176
17.4128,-67.2113,0.0945945945945946,-0.0193436293436293
17.4128,-67.1556,0.0182470119521912,-0.0231673306772908
17.4128,-67.0999,-0.0013670411985018,-0.0257490636704119
17.4128,-67.0441,-0.064047619047619,-0.0437202380952381
17.4128,-66.9884,-0.0619306930693069,-0.0362871287128712
17.4128,-66.9326,-0.0713702623906705,-0.054810495626822095
17.4128,-66.8769,-0.073019801980198,-0.0412871287128712
17.4128,-66.8212,-0.1111211573236889,-0.0515913200723327
17.4128,-66.7654,-0.1200537634408602,-0.0639068100358423
17.4128,-66.7097,-0.1296650717703349,-0.0680223285486443
17.4128,-66.6539,-0.1296884735202492,-0.0694704049844236
17.4128,-66.5982,-0.1469789983844911,-0.05925686591276251
17.4128,-66.5425,-0.1507765451664025,-0.05678288431061801
17.4128,-66.4867,-0.154952229299363,-0.0433917197452229
17.4128,-66.431,-0.149232,-0.030032
17.4128,-66.3752,-0.1492355694227769,-0.0168798751950078
17.4128,-66.3195,-0.1457165109034268,-0.0045327102803738
17.4128,-66.2638,-0.1437441497659906,0.0023400936037441
17.4128,-66.208,-0.1415094339622641,0.0124842767295597
17.4128,-66.1523,-0.1353150242326332,0.0186429725363489
17.4128,-66.0965,-0.1316107382550335,0.0250167785234899
17.4128,-66.0408,-0.132314335060449,0.0424870466321243
17.4128,-65.9851,-0.1341551724137931,0.0538793103448275
17.4128,-65.9293,-0.1402127659574468,0.0731028368794326
17.4128,-65.8736,-0.12472924187725631,0.0999458483754512
17.4128,-65.8178,-0.1210486891385767,0.114625468164794
17.4128,-65.7621,-0.09758547008547,0.1221581196581196
17.4128,-65.7064,-0.1006791569086651,0.1122014051522248
17.4128,-65.6506,-0.0880530973451327,0.0926843657817109
17.4128,-65.5949,-0.0776818181818181,0.0580454545454545
17.4128,-65.5391,-0.0418803418803418,0.036068376068376
17.4128,-65.4834,-0.0289855072463768,0.0218840579710144
17.4128,-65.4277,-0.0085714285714285,0.0128571428571428
17.4128,-65.3162,0.12,0.17
17.4667,-67.8245,-0.0481818181818181,0.0881818181818181
17.4667,-67.7687,-0.0257142857142857,0.0485714285714285
17.4667,-67.713,-0.0635294117647058,0.1123529411764705
17.4667,-67.6573,-0.0925263157894736,0.1394736842105263
17.4667,-67.6015,-0.0502247191011235,0.1119101123595505
17.4667,-67.5458,-0.0695098039215686,0.1027450980392157
17.4667,-67.49,-0.0486633663366336,0.0681188118811881
17.4667,-67.4343,-0.0131153846153846,0.0483461538461538
17.4667,-67.3786,0.028461538461538403,0.0281282051282051
17.4667,-67.3228,0.0843531468531468,0.0157692307692307
17.4667,-67.2671,0.0719230769230769,0.0134615384615384
17.4667,-67.2113,0.0941316270566727,-0.0136563071297989
17.4667,-67.1556,0.05634188034188029,-0.0164957264957264
17.4667,-67.0999,0.0322185430463576,-0.0194205298013245
17.4667,-67.0441,0.0041451612903225,-0.023516129032258
17.4667,-66.9884,-0.049328859060402595,-0.0413870246085011
17.4667,-66.9326,-0.0506196581196581,-0.0342948717948718
17.4667,-66.8769,-0.0570967741935483,-0.03125
17.4667,-66.8212,-0.0693877551020408,-0.0293061224489795
17.4667,-66.7654,-0.0986401326699834,-0.046849087893864
17.4667,-66.7097,-0.0954372019077901,-0.045993640699523
17.4667,-66.6539,-0.10195956454121301,-0.0479782270606531
17.4667,-66.5982,-0.1207620528771384,-0.05900466562986
17.4667,-66.5425,-0.1444983818770226,-0.0510032362459546
17.4667,-66.4867,-0.1447444089456869,-0.0442811501597444
17.4667,-66.431,-0.1432362459546925,-0.0328640776699029
17.4667,-66.3752,-0.1357278481012658,-0.0204588607594936
17.4667,-66.3195,-0.1389859594383775,-0.0024024960998439
17.4667,-66.2638,-0.1344031007751938,0.0050542635658914
17.4667,-66.208,-0.127484076433121,0.0090286624203821
17.4667,-66.1523,-0.1341059602649006,0.0259602649006622
17.4667,-66.0965,-0.12036363636363631,0.0275702479338842
17.4667,-66.0408,-0.11856187290969901,0.0429765886287625
17.4667,-65.9851,-0.1231282051282051,0.0632307692307692
17.4667,-65.9293,-0.1283965517241379,0.0814137931034482
17.4667,-65.8736,-0.1091463414634146,0.1054878048780487
17.4667,-65.8178,-0.0982386363636363,0.11
17.4667,-65.7621,-0.0984830339321357,0.1057884231536926
17.4667,-65.7064,-0.0197904191616766,0.1153592814371257
17.4667,-65.6506,-0.0283274021352313,0.0898932384341637
17.4667,-65.5949,-0.0435111111111111,0.0552
17.4667,-65.5391,-0.0105813953488372,0.0441860465116279
17.4667,-65.4834,-0.005161290322580599,0.0166129032258064
17.4667,-65.4277,-0.0133333333333333,-0.051666666666666604
17.5206,-67.8802,-0.05285714285714279,0.09
17.5206,-67.8245,-0.0372916666666666,0.0922916666666666
17.5206,-67.7687,-0.0459793814432989,0.11175257731958758
17.5206,-67.713,-0.0597014925373134,0.1228358208955223
17.5206,-67.6573,-0.0499999999999999,0.1194904458598726
17.5206,-67.6015,-0.0514516129032258,0.1207258064516129
17.5206,-67.5458,-0.0574850299401197,0.1054491017964071
17.5206,-67.49,-0.0342424242424242,0.0689696969696969
17.5206,-67.4343,-0.0261231884057971,0.0604347826086956
17.5206,-67.3786,-0.0300757575757575,0.05244949494949489
17.5206,-67.3228,-0.026948717948717896,0.043025641025641
17.5206,-67.2671,0.0490524534686971,0.0183756345177664
17.5206,-67.2113,0.0896216216216216,-0.0084684684684684
17.5206,-67.1556,0.0664052287581699,-0.0125490196078431
17.5206,-67.0999,0.0487694704049844,-0.0148598130841121
17.5206,-67.0441,0.0330326594090202,-0.0212597200622083
17.5206,-66.9884,-0.0031612903225806,-0.0286774193548387
17.5206,-66.9326,-0.0346234309623431,-0.0369665271966527
17.5206,-66.8769,-0.0526930693069306,-0.0253663366336633
17.5206,-66.8212,-0.0566187050359712,-0.0246942446043165
17.5206,-66.7654,-0.06145025295109611,-0.0248397976391231
17.5206,-66.7097,-0.0690654205607476,-0.0316822429906542
17.5206,-66.6539,-0.077906976744186,-0.0334108527131783
17.5206,-66.5982,-0.0901449275362318,-0.0392914653784218
17.5206,-66.5425,-0.12144904458598718,-0.0476433121019108
17.5206,-66.4867,-0.126864,-0.037488
17.5206,-66.431,-0.1295597484276729,-0.026996855345911903
17.5206,-66.3752,-0.1304341085271317,-0.0214263565891472
17.5206,-66.3195,-0.1256269592476489,-0.0123197492163009
17.5206,-66.2638,-0.1175077881619937,-0.0011370716510903
17.5206,-66.208,-0.1138425196850393,0.0079212598425196
17.5206,-66.1523,-0.1117147435897435,0.0163942307692307
17.5206,-66.0965,-0.1117426710097719,0.0279478827361563
17.5206,-66.0408,-0.1069067103109656,0.0453191489361702
17.5206,-65.9851,-0.1071452702702702,0.0617398648648648
17.5206,-65.9293,-0.1008131487889273,0.0792214532871972
17.5206,-65.8736,-0.0966438356164383,0.0964554794520548
17.5206,-65.8178,-0.0832427184466019,0.1032038834951456
17.5206,-65.7621,-0.0111849710982658,0.1215606936416185
17.5206,-65.7064,-0.0011744966442953,0.10939597315436239
17.5206,-65.6506,-0.0046666666666666,0.0746666666666666
17.5206,-65.5949,0.0020338983050847,0.0328813559322033
17.5206,-65.5391,-0.02046875,-0.01203125
17.5206,-65.4834,-0.0072727272727272,-0.07
17.5746,-67.936,-0.0191666666666666,0.0333333333333333
17.5746,-67.8802,-0.0229508196721311,0.0714754098360655
17.5746,-67.8245,-0.0391176470588235,0.09362745098039209
17.5746,-67.7687,-0.055502392344497595,0.1033971291866028
17.5746,-67.713,-0.0444604316546762,0.1341726618705035
17.5746,-67.6573,-0.0486816720257234,0.10437299035369771
17.5746,-67.6015,-0.0626601941747573,0.1136504854368932
17.5746,-67.5458,-0.0271062271062271,0.093076923076923
17.5746,-67.49,-0.0214285714285714,0.086023166023166
17.5746,-67.4343,-0.0334653465346534,0.0747194719471947
17.5746,-67.3786,-0.0334099616858237,0.0636781609195402
17.5746,-67.3228,-0.027780487804878004,0.0449268292682926
17.5746,-67.2671,-0.0007971014492753,0.018743961352657
17.5746,-67.2113,0.0695918367346938,-0.0088265306122448
17.5746,-67.1556,0.059664,-0.016848
17.5746,-67.0999,0.0594712286158631,-0.0163452566096423
17.5746,-67.0441,0.0415146831530139,-0.0189489953632148
17.5746,-66.9884,0.0225038880248833,-0.0201244167962674
17.5746,-66.9326,-0.0102384737678855,-0.0265023847376788
17.5746,-66.8769,-0.0410961538461538,-0.0174999999999999
17.5746,-66.8212,-0.0442387543252595,-0.015224913494809601
17.5746,-66.7654,-0.0502471169686985,-0.0159637561779242
17.5746,-66.7097,-0.0527124183006535,-0.020016339869281
17.5746,-66.6539,-0.0555628058727569,-0.0193964110929853
17.5746,-66.5982,-0.0856170886075949,-0.0363607594936708
17.5746,-66.5425,-0.0874249605055292,-0.0293996840442338
17.5746,-66.4867,-0.1054746835443038,-0.0313132911392405
17.5746,-66.431,-0.1118282988871224,-0.025453100158982497
17.5746,-66.3752,-0.1099686028257456,-0.0223076923076923
17.5746,-66.3195,-0.10387045813586092,-0.0148499210110584
17.5746,-66.2638,-0.108203125,-0.007265625
17.5746,-66.208,-0.1010112359550561,-0.0007544141252006
17.5746,-66.1523,-0.096201923076923,0.013301282051282
17.5746,-66.0965,-0.0980975609756097,0.025430894308943
17.5746,-66.0408,-0.0874342105263158,0.0416940789473684
17.5746,-65.9851,-0.0814188034188034,0.0575897435897435
17.5746,-65.9293,-0.0771403508771929,0.0790175438596491
17.5746,-65.8736,-0.0372049689440993,0.106335403726708
17.5746,-65.8178,-0.023514739229024903,0.1068707482993197
17.5746,-65.7621,-0.0102572347266881,0.1077813504823151
17.5746,-65.7064,0.027090909090909,0.0914545454545454
17.5746,-65.6506,0.014137931034482703,0.0615172413793103
17.5746,-65.5949,0.0180620155038759,0.0302325581395348
17.5746,-65.5391,0.0188679245283018,0.0138679245283018
17.5746,-65.4834,0.0037499999999999005,-0.04374999999999999
17.5746,-65.4277,0.054000000000000006,-0.082
17.6285,-67.9917,-0.11,0.19
17.6285,-67.936,-0.0688461538461538,0.11461538461538459
17.6285,-67.8802,-0.0539495798319327,0.08
17.6285,-67.8245,-0.0574426229508196,0.0827868852459016
17.6285,-67.7687,-0.0269268292682926,0.08634146341463408
17.6285,-67.713,-0.0508366533864541,0.1178685258964143
17.6285,-67.6573,-0.0409363957597173,0.11604240282685511
17.6285,-67.6015,-0.0601706484641638,0.1293515358361774
17.6285,-67.5458,-0.061993127147766294,0.1315979381443299
17.6285,-67.49,-0.0421147540983606,0.1077377049180327
17.6285,-67.4343,-0.024485294117647,0.0837683823529411
17.6285,-67.3786,-0.0123041474654377,0.0668663594470046
17.6285,-67.3228,-0.0254227405247813,0.0604373177842565
17.6285,-67.2671,-0.0092583732057416,0.029090909090909
17.6285,-67.2113,0.0262993762993763,-0.005945945945945899
17.6285,-67.1556,0.0456535433070866,-0.0211968503937007
17.6285,-67.0999,0.0524727838258164,-0.0192379471228615
17.6285,-67.0441,0.0423728813559322,-0.0187211093990755
17.6285,-66.9884,0.0251388888888888,-0.0168981481481481
17.6285,-66.9326,0.007488372093023201,-0.009891472868217
17.6285,-66.8769,-0.019023622047244,-0.0089921259842519
17.6285,-66.8212,-0.0381929824561403,-0.002578947368421
17.6285,-66.7654,-0.0450662251655629,-0.0104139072847682
17.6285,-66.7097,-0.0494637223974763,-0.0217350157728706
17.6285,-66.6539,-0.05787439613526559,-0.0266022544283413
17.6285,-66.5982,-0.06078726968174201,-0.0242043551088777
17.6285,-66.5425,-0.0746614173228346,-0.0337007874015748
17.6285,-66.4867,-0.0814308681672025,-0.02508038585209
17.6285,-66.431,-0.0952045826513911,-0.0339607201309328
17.6285,-66.3752,-0.0957188498402556,-0.0267891373801916
17.6285,-66.3195,-0.0960221870047543,-0.0223296354992076
17.6285,-66.2638,-0.0969983948635634,-0.0192616372391653
17.6285,-66.208,-0.096368,-0.00808
17.6285,-66.1523,-0.086756329113924,0.007389240506329099
17.6285,-66.0965,-0.0828892455858748,0.0212841091492776
17.6285,-66.0408,-0.0753859060402684,0.0331543624161073
17.6285,-65.9851,-0.0727350427350427,0.05552136752136751
17.6285,-65.9293,-0.0469978858350951,0.0863424947145877
17.6285,-65.8736,-0.0292127659574468,0.1018936170212766
17.6285,-65.8178,0.0184158415841584,0.10726072607260718
17.6285,-65.7621,0.0482539682539682,0.1084920634920634
17.6285,-65.7064,0.0516872427983539,0.0936213991769547
17.6285,-65.6506,0.056625,0.08475
17.6285,-65.5949,0.044225352112676,0.0278873239436619
17.6285,-65.5391,0.0491228070175438,0.0373684210526315
17.6285,-65.4834,0.0294444444444444,0.0183333333333333
17.6285,-65.4277,-0.0125,-0.11
17.6285,-65.3719,0.125,0.005
17.6825,-68.0474,-0.0333333333333333,-0.0133333333333333
17.6825,-67.9917,-0.0261111111111111,0.052962962962962906
17.6825,-67.936,-0.0309905660377358,0.0338679245283018
17.6825,-67.8802,-0.0389975550122249,0.0591442542787286
17.6825,-67.8245,-0.0221834061135371,0.048296943231441
17.6825,-67.7687,-0.0220553359683794,0.0830830039525691
17.6825,-67.713,-0.0261784511784511,0.11210437710437708
17.6825,-67.6573,-0.0194959349593495,0.1300975609756097
17.6825,-67.6015,-0.0236363636363636,0.13423197492163
17.6825,-67.5458,-0.0218768768768768,0.1280930930930931
17.6825,-67.49,-0.0139411764705882,0.1056470588235294
17.6825,-67.4343,-0.0173645680819912,0.0925329428989751
17.6825,-67.3786,-0.0138646616541353,0.0726766917293233
17.6825,-67.3228,-0.0199640287769784,0.0655035971223021
17.6825,-67.2671,0.0021198156682027,0.0360829493087557
17.6825,-67.2113,0.0316707616707616,0.0047665847665847
17.6825,-67.1556,0.0159397163120567,-0.0189539007092198
17.6825,-67.0999,0.0326941362916006,-0.0209508716323296
17.6825,-67.0441,0.0324499229583975,-0.0166101694915254
17.6825,-66.9884,0.0219601837672281,-0.0104441041347626
17.6825,-66.9326,0.0042266462480857,0.00047473200612550007
17.6825,-66.8769,-0.0096620583717357,0.0089093701996927
17.6825,-66.8212,-0.0293396226415094,0.000691823899371
17.6825,-66.7654,-0.0377591973244147,-0.0054347826086956
17.6825,-66.7097,-0.04003125,-0.020078125
17.6825,-66.6539,-0.0510220125786163,-0.0346383647798742
17.6825,-66.5982,-0.0627557755775577,-0.0363531353135313
17.6825,-66.5425,-0.0660067681895093,-0.0383587140439932
17.6825,-66.4867,-0.0629914529914529,-0.0184615384615384
17.6825,-66.431,-0.0759322033898305,-0.0212052730696798
17.6825,-66.3752,-0.0853184165232358,-0.0264888123924268
17.6825,-66.3195,-0.0931136738056013,-0.0262932454695222
17.6825,-66.2638,-0.0921138211382113,-0.0217398373983739
17.6825,-66.208,-0.0850814332247557,-0.015586319218241
17.6825,-66.1523,-0.077191011235955,-0.0047030497592295
17.6825,-66.0965,-0.07314332247557,0.0115798045602605
17.6825,-66.0408,-0.0671006944444444,0.02921875
17.6825,-65.9851,-0.04349173553719,0.0517148760330578
17.6825,-65.9293,-0.021700288184438,0.0644380403458213
17.6825,-65.8736,-0.005610465116279,0.0767151162790697
17.6825,-65.8178,0.0271969696969696,0.0903030303030303
17.6825,-65.7621,0.0426104417670682,0.0972289156626506
17.6825,-65.7064,0.0581739130434782,0.10269565217391298
17.6825,-65.6506,0.0492258064516129,0.0669032258064516
17.6825,-65.5949,0.053163265306122406,0.0294897959183673
17.6825,-65.5391,0.026842105263157803,0.0278947368421052
17.6825,-65.4834,0.0,-0.04
17.7364,-68.0474,0.045000000000000005,-0.0816666666666666
17.7364,-67.9917,0.0029545454545454,-0.0179545454545454
17.7364,-67.936,-0.0179123711340206,0.0299226804123711
17.7364,-67.8802,0.000281690140845,0.014112676056338
17.7364,-67.8245,0.0041591320072332,0.0420795660036166
17.7364,-67.7687,0.0055409836065573,0.0657049180327868
17.7364,-67.713,0.013117088607594902,0.0909968354430379
17.7364,-67.6573,0.0163552833078101,0.12241960183767218
17.7364,-67.6015,0.0190704647676161,0.1383208395802099
17.7364,-67.5458,0.012947214076246301,0.1341202346041055
17.7364,-67.49,0.0032756132756132,0.1264790764790765
17.7364,-67.4343,0.006523605150214501,0.1007010014306151
17.7364,-67.3786,-0.0008022922636103,0.0750859598853868
17.7364,-67.3228,-0.0062840746054519,0.056743185078909596
17.7364,-67.2671,0.012790294627383,0.0370190641247833
17.7364,-67.2113,0.0346153846153846,0.0125641025641025
17.7364,-67.1556,0.0231528046421663,-0.0092456479690522
17.7364,-67.0999,0.0101092896174863,-0.0119125683060109
17.7364,-67.0441,0.0061598746081504,-0.0231347962382445
17.7364,-66.9884,0.0101990811638591,-0.0096784073506891
17.7364,-66.9326,0.0013829787234042,0.0057598784194528
17.7364,-66.8769,-0.0043768996960486,0.015303951367781102
17.7364,-66.8212,-0.011441717791411,0.0135582822085889
17.7364,-66.7654,-0.020108864696734,-4.665629860031138e-05
17.7364,-66.7097,-0.0255076923076923,-0.0239230769230769
17.7364,-66.6539,-0.0394383775351014,-0.0403276131045241
17.7364,-66.5982,-0.0557048092868988,-0.0471641791044776
17.7364,-66.5425,-0.0593983739837398,-0.0322439024390243
17.7364,-66.4867,-0.0556866197183098,-0.0224295774647887
17.7364,-66.431,-0.062326139088729,-0.0092086330935251
17.7364,-66.3752,-0.0651004016064257,-0.0065863453815261
17.7364,-66.3195,-0.0757418111753372,-0.0210404624277456
17.7364,-66.2638,-0.084185639229422,-0.0265674255691768
17.7364,-66.208,-0.0824958123953098,-0.022110552763819
17.7364,-66.1523,-0.0749248747913188,-0.017813021702838
17.7364,-66.0965,-0.0677333333333333,0.0047619047619047
17.7364,-66.0408,-0.05813704496788,0.0297644539614561
17.7364,-65.9851,-0.05776271186440671,0.0355254237288135
17.7364,-65.9293,-0.0339923954372623,0.052509505703422
17.7364,-65.8736,-0.0124150943396226,0.0658490566037735
17.7364,-65.8178,0.0043548387096774,0.0684677419354838
17.7364,-65.7621,0.0260669456066945,0.0880334728033472
17.7364,-65.7064,0.0450520833333333,0.08765625
17.7364,-65.6506,0.0379629629629629,0.0392592592592592
17.7364,-65.5949,0.052727272727272706,0.0327272727272727
17.7903,-67.9917,-0.0166981132075471,0.015377358490565998
17.7903,-67.936,-0.0043956043956043,0.0002197802197802
17.7903,-67.8802,0.0156399132321041,0.0113449023861171
17.7903,-67.8245,0.0247600767754318,0.0041458733205374
17.7903,-67.7687,0.013048387096774102,0.0548064516129032
17.7903,-67.713,0.0052012383900928,0.1118730650154798
17.7903,-67.6573,0.013823975720789,0.134597875569044
17.7903,-67.6015,0.0229456193353474,0.1592447129909365
17.7903,-67.5458,0.0266229985443959,0.1552838427947598
17.7903,-67.49,0.0249002849002849,0.133019943019943
17.7903,-67.4343,0.0185127478753541,0.1058356940509915
17.7903,-67.3786,0.0126241134751773,0.073177304964539
17.7903,-67.3228,0.007457627118643999,0.0461440677966101
17.7903,-67.2671,0.0100706214689265,0.024957627118644
17.7903,-67.2113,0.030182072829131597,0.0080672268907563
17.7903,-67.1556,0.0048625792811839,-0.005644820295983
17.7903,-67.0999,-0.0080970149253731,-0.0073134328358208
17.7903,-67.0441,-0.0223917137476459,-0.0208662900188323
17.7903,-66.9884,-0.0246746575342465,-0.0258904109589041
17.7903,-66.9326,-0.0067073170731706995,0.0082317073170731
17.7903,-66.8769,-0.0063525835866261,0.0136474164133738
17.7903,-66.8212,-0.010611620795107,0.0010244648318042
17.7903,-66.7654,-0.0291107644305772,-0.0298283931357254
17.7903,-66.7097,-0.0311485451761102,-0.041761102603369
17.7903,-66.6539,-0.025987460815046996,-0.0376018808777429
17.7903,-66.5982,-0.056247933884297496,-0.0439834710743801
17.7903,-66.5425,-0.0457866184448462,-0.0453164556962025
17.7903,-66.4867,-0.0008659793814432,-0.0053195876288659
17.7903,-66.431,-0.0168910256410256,0.0228525641025641
17.7903,-66.3752,-0.0388073394495412,0.0281651376146788
17.7903,-66.3195,-0.064147582697201,-0.0038167938931297
17.7903,-66.2638,-0.0811909650924024,-0.0200205338809034
17.7903,-66.208,-0.0764313725490196,-0.0334705882352941
17.7903,-66.1523,-0.0714567901234567,-0.04367901234567901
17.7903,-66.0965,-0.0845583038869258,-0.0278445229681978
17.7903,-66.0408,-0.1011660777385159,0.0080565371024734
17.7903,-65.9851,-0.1055709342560553,0.0354671280276816
17.7903,-65.9293,-0.048927203065134,0.0432183908045976
17.7903,-65.8736,-0.0460402684563758,0.0467785234899328
17.7903,-65.8178,-0.0223699421965317,0.0647976878612716
17.7903,-65.7621,-0.056875,0.09125
17.7903,-65.7064,-0.025,0.1355555555555555
17.8443,-67.936,-0.02,0.13
17.8443,-67.8802,0.0230263157894736,-0.00023026315789469997
17.8443,-67.8245,0.0287826086956521,-0.0088869565217391
17.8443,-67.7687,0.0346362098138747,0.009560067681895
17.8443,-67.713,0.024340490797546,0.0727914110429447
17.8443,-67.6573,0.0210632183908046,0.1402586206896551
17.8443,-67.6015,0.0219744318181818,0.1651988636363636
17.8443,-67.5458,0.0368705547652916,0.1643243243243243
17.8443,-67.49,0.0316807909604519,0.1424858757062146
17.8443,-67.4343,0.026723163841807895,0.1025423728813559
17.8443,-67.3786,0.015084745762711802,0.0645762711864406
17.8443,-67.3228,-0.0082137834036568,0.0461462728551336
17.8443,-67.2671,-0.0192727272727272,0.0219160839160839
17.8443,-67.2113,-0.007877094972067,0.004036312849162
17.8443,-67.1556,-0.0038989898989898,-0.0028080808080808
17.8443,-67.0999,-0.014989816700611,-0.0094908350305498
17.8443,-67.0441,-0.0353754940711462,-0.0261462450592885
17.8443,-66.9884,-0.0253379549393414,-0.0158578856152513
17.8443,-66.9326,-0.0162877442273534,0.0036234458259325
17.8443,-66.8769,-0.014353846153846102,0.0011692307692307
17.8443,-66.8212,-0.0237850467289719,-0.039626168224299
17.8443,-66.7654,-0.0364251207729468,-0.0415136876006441
17.8443,-66.7097,-0.0444976076555024,-0.0476395534290271
17.8443,-66.6539,-0.0764642857142857,-0.0489285714285714
17.8443,-66.5982,-0.0179444444444444,-0.0463148148148148
17.8443,-66.5425,0.0051724137931034,-0.0298985801217038
17.8443,-66.4867,0.0562499999999999,0.0110119047619047
17.8443,-66.431,-0.005813953488372,-0.0196511627906976
17.8443,-66.208,-0.051000000000000004,-0.149
17.8443,-66.1523,-0.12311111111111109,-0.1666666666666666
17.8443,-66.0965,-0.1519607843137254,-0.0950980392156862
17.8443,-66.0408,-0.1705263157894737,-0.0047368421052631
17.8443,-65.9851,-0.2057627118644067,0.0257627118644067
17.8443,-65.9293,-0.2048484848484848,0.0392424242424242
17.8443,-65.8736,-0.1643333333333333,0.0536666666666666
17.8443,-65.8178,-0.1029090909090909,0.0730909090909091
17.8982,-67.9917,0.0133333333333333,0.0466666666666666
17.8982,-67.936,-0.0463636363636363,0.1545454545454545
17.8982,-67.8802,0.0296231884057971,-0.0426666666666666
17.8982,-67.8245,0.0242348754448398,-0.0380782918149466
17.8982,-67.7687,0.0226247987117552,0.0106441223832528
17.8982,-67.713,0.0399180327868852,0.0128360655737704
17.8982,-67.6573,0.034235807860262,0.0963318777292576
17.8982,-67.6015,0.0296521739130434,0.1464057971014492
17.8982,-67.5458,0.0337803138373751,0.1585021398002853
17.8982,-67.49,0.025148095909732,0.1453737658674189
17.8982,-67.4343,0.016112676056338,0.1078450704225352
17.8982,-67.3786,-0.0016363636363636003,0.0672027972027972
17.8982,-67.3228,-0.0241759776536312,0.0468435754189944
17.8982,-67.2671,-0.0229510489510489,0.022013986013986
17.8982,-67.2113,-0.014022346368714998,0.0045670391061452
17.8982,-67.1556,-0.0161825726141078,-0.0071369294605809
17.8982,-67.0999,-0.0160036832412523,-0.0022099447513812
17.8982,-67.0441,-0.0295732838589981,-0.0013543599257884
17.8982,-66.9884,-0.0368911917098445,0.0030310880829014994
17.8982,-66.9326,-0.0463241106719367,0.0208300395256917
17.8982,-66.8769,-0.0482914572864321,-0.0087939698492462
17.8982,-66.8212,-0.0481206496519721,-0.0980974477958236
17.8982,-66.7654,-0.0656728778467908,-0.0602070393374741
17.8982,-66.7097,-0.09405152224824351,-0.041334894613583105
17.8982,-66.6539,-0.0785185185185185,-0.0384045584045584
17.8982,-66.5982,-0.0082899628252788,-0.038996282527881
17.8982,-66.5425,0.0529787234042553,-0.0079078014184397
17.8982,-66.4867,0.131159420289855,0.0304347826086956
17.8982,-66.0965,-0.218125,-0.05375
17.8982,-66.0408,-0.176578947368421,-0.0489473684210526
17.9522,-67.936,-0.0381818181818181,0.18545454545454543
17.9522,-67.8802,0.0083241758241758,-0.0675274725274725
17.9522,-67.8245,0.0177777777777777,-0.0603921568627451
17.9522,-67.7687,0.0206570512820512,-0.0382051282051282
17.9522,-67.713,0.0172552166934189,0.0180898876404494
17.9522,-67.6573,0.050272,0.03768
17.9522,-67.6015,0.0507348242811501,0.0845686900958466
17.9522,-67.5458,0.0382185628742515,0.1197005988023952
17.9522,-67.49,0.013192419825072799,0.1288775510204081
17.9522,-67.4343,-0.0094972067039106,0.10847765363128489
17.9522,-67.3786,-0.0245594405594405,0.085006993006993
17.9522,-67.3228,-0.0322114047287899,0.055076495132127895
17.9522,-67.2671,-0.0509874826147427,0.0459805285118219
18.0061,-67.8245,0.0086016260162601,-0.0913333333333333
18.0061,-67.7687,0.0070813397129186,-0.094896331738437
18.0061,-67.713,0.0125358851674641,-0.0443540669856459
18.0061,-67.6573,0.0317065390749601,0.0090430622009569
18.0061,-67.6015,0.0347049441786283,0.0558692185007974
18.0061,-67.5458,0.0207336523125996,0.0910207336523126
18.0061,-67.49,-0.014896331738436998,0.1291547049441786
18.0061,-67.4343,-0.0334130781499202,0.1213078149920255
18.0061,-67.3786,-0.0256778309409888,0.077097288676236
18.0061,-67.3414,-0.0495454545454545,0.0667272727272727
18.0061,-67.3228,-0.0327272727272727,0.0518022328548644
18.0061,-67.2671,-0.0461084529505582,0.0379904306220095
18.0061,-67.2113,-0.0434928229665071,0.0289952153110047
18.0241,-67.36,-0.023063063063063,0.1101351351351351
18.0241,-67.3228,-0.010942408376963298,0.0714659685863874
18.0241,-67.3042,0.0131547619047619,0.0625
18.0241,-67.2857,0.0068181818181818,0.0662727272727272
18.0241,-67.2671,0.029655172413793097,0.0948275862068965
18.0421,-67.3971,-0.0243326885880077,0.102669245647969
18.0421,-67.3786,-0.0162982005141388,0.0994601542416452
18.0421,-67.36,-0.0109484536082474,0.0643298969072165
18.0421,-67.3414,-0.024855072463768103,0.0723188405797101
18.0421,-67.3228,-0.0229326923076923,0.05848557692307689
18.0421,-67.3042,-0.0600397614314115,0.0415109343936381
18.0421,-67.2857,-0.0379336734693877,0.03375
18.0421,-67.2671,-0.0228146453089244,0.0278032036613272
18.0421,-67.2485,-0.0029141104294478,0.0183742331288343
18.0421,-67.2299,-0.0733333333333333,0.05666666666666661
18.06,-67.7687,-0.0050558213716108,-0.1909090909090909
18.06,-67.713,-0.0018500797448165,-0.1109250398724082
18.06,-67.6573,0.0131578947368421,-0.0529027113237639
18.06,-67.6015,0.0154226475279106,0.014465709728867602
18.06,-67.5458,-0.0064274322169059,0.0819457735247208
18.06,-67.49,-0.0354864433811802,0.12054226475279099
18.06,-67.4343,-0.0405103668261563,0.0983732057416267
18.06,-67.4157,-0.0325736738703339,0.1085461689587426
18.06,-67.3786,-0.0277805077805077,0.0629893529893529
18.06,-67.36,-0.0127454545454545,0.0521090909090909
18.06,-67.3414,-0.0239225589225589,0.0315319865319865
18.06,-67.3228,-0.048,0.038483606557377
18.06,-67.3042,-0.061006600660066,0.0339603960396039
18.06,-67.2857,-0.0563851351351351,0.0296452702702702
18.06,-67.2671,-0.0418704453441295,0.0129473684210526
18.06,-67.2485,-0.0326732673267326,-3.300330033003271e-05
18.06,-67.2299,-0.0285629921259842,0.0032283464566929
18.06,-67.2113,-0.0380686695278969,0.003862660944206
18.078,-67.4715,-0.061711229946524,0.12119429590017819
18.078,-67.4343,-0.0515522875816993,0.1228431372549019
18.078,-67.4157,-0.0258206106870229,0.0571564885496183
18.078,-67.3971,-0.0217704918032786,0.0661147540983606
18.078,-67.3786,-0.0181292517006802,0.0530612244897959
18.078,-67.36,-0.0174295774647887,0.0235211267605633
18.078,-67.3414,-0.0263305785123966,0.0238016528925619
18.078,-67.3228,-0.0539448051948052,0.0268344155844155
18.078,-67.3042,-0.0633993399339934,0.0234653465346534
18.078,-67.2857,-0.05900321543408361,0.0160771704180064
18.078,-67.2671,-0.0456089743589743,0.0052724358974358
18.078,-67.2485,-0.0380990415335463,-0.0035623003194888
18.078,-67.2299,-0.034928,-0.00584
18.078,-67.2113,-0.0330694668820678,-0.0020032310177705
18.096,-67.49,-0.0543502824858757,0.0861581920903954
18.096,-67.4529,-0.0636166666666666,0.12825
18.096,-67.4343,-0.0562027491408934,0.0982130584192439
18.096,-67.4157,-0.0348202614379084,0.066454248366013
18.096,-67.3971,-0.0344145873320537,0.0258349328214971
18.096,-67.3786,-0.0223300970873786,0.0169579288025889
18.096,-67.36,-0.0284779050736497,0.0200490998363338
18.096,-67.3414,-0.0316077170418006,0.0129903536977491
18.096,-67.3228,-0.0534775641025641,0.0263301282051282
18.096,-67.3042,-0.0655072463768115,0.0240418679549114
18.096,-67.2857,-0.062464,0.012528
18.096,-67.2671,-0.04824,0.002032
18.096,-67.2485,-0.040832,-0.005824
18.096,-67.2299,-0.034496,-0.008432
18.096,-67.2113,-0.0340064102564102,-0.0078044871794871
18.114,-67.8245,-0.0347077922077922,-0.22668831168831166
18.114,-67.7687,-0.029824281150159695,-0.2210862619808306
18.114,-67.713,-0.0265654952076677,-0.1861501597444089
18.114,-67.6573,-0.0240988835725677,-0.0973365231259968
18.114,-67.6015,-0.0273482428115016,-0.0097923322683706
18.114,-67.5458,-0.0434664536741214,0.054888178913738
18.114,-67.49,-0.0614035087719298,0.1082456140350877
18.114,-67.4715,-0.0661590524534687,0.1189001692047377
18.114,-67.4529,-0.0732200357781753,0.1238103756708407
18.114,-67.4343,-0.0597758206565252,0.0932425940752602
18.114,-67.3971,-0.042636655948553,0.0229099678456591
18.114,-67.3786,-0.0460688550840672,0.0342994395516413
18.114,-67.36,-0.0379738562091503,0.0041830065359477
18.114,-67.3414,-0.0413621794871794,0.0088461538461538
18.114,-67.3228,-0.057787539936102195,0.0195926517571885
18.114,-67.3042,-0.0690064102564102,0.0151282051282051
18.114,-67.2857,-0.0702236421725239,0.0166773162939297
18.114,-67.2671,-0.0527555910543131,0.0078594249201277
18.114,-67.2485,-0.049392,0.008816
18.114,-67.2299,-0.034224,0.004384
18.114,-67.2113,-0.0388968824940047,-0.0026298960831334
18.132,-67.49,-0.0723732251521298,0.0826774847870182
18.132,-67.4529,-0.0755301794453507,0.123442088091354
18.132,-67.4343,-0.065426731078905,0.1092109500805153
18.132,-67.4157,-0.05730210016155081,0.047011308562197
18.132,-67.3971,-0.05520128824476649,0.0394524959742351
18.132,-67.3786,-0.055698234349919704,0.0157463884430176
18.132,-67.36,-0.0602407704654895,0.0168378812199036
18.132,-67.3414,-0.065952,0.00056
18.132,-67.3228,-0.0759265175718849,0.013833865814696401
18.132,-67.3042,-0.0780990415335463,-0.0021565495207667
18.132,-67.2857,-0.0793290734824281,0.0085623003194888
18.132,-67.2671,-0.069184,0.013344
18.132,-67.2485,-0.056752,0.013728
18.132,-67.2299,-0.0318051118210862,0.00047923322683700005
18.132,-67.2113,-0.031182108626197996,-0.001629392971246
18.1499,-67.4529,-0.0831155778894472,0.12231155778894469
18.1499,-67.4343,-0.0760096153846153,0.109326923076923
18.1499,-67.4157,-0.0731078904991948,0.0921578099838969
18.1499,-67.3971,-0.070288,0.0486399999999999
18.1499,-67.3786,-0.0734134615384615,0.0436057692307692
18.1499,-67.36,-0.0847916666666666,0.0313301282051282
18.1499,-67.3414,-0.0939936102236421,0.026693290734824196
18.1499,-67.3228,-0.093552,0.008304
18.1499,-67.3042,-0.0910383386581469,-0.0007348242811501
18.1499,-67.2857,-0.0838178913738019,-0.0053514376996805
18.1499,-67.2671,-0.073824,0.0085759999999999
18.1499,-67.2485,-0.0586741214057508,0.0078434504792332
18.1499,-67.2299,-0.0415335463258785,0.0001437699680511
18.1499,-67.2113,-0.0226677316293929,-0.0021725239616613
18.1679,-67.8245,-0.053157894736842105,-0.176347687400319
18.1679,-67.7687,-0.0505582137161084,-0.1991387559808612
18.1679,-67.713,-0.0534609250398724,-0.1800318979266347
18.1679,-67.6573,-0.05886762360446571,-0.0979106858054226
18.1679,-67.6015,-0.0695534290271132,-0.0285167464114832
18.1679,-67.5458,-0.0845295055821371,0.0781499202551834
18.1679,-67.49,-0.0845773524720893,0.11480063795853271
18.1679,-67.4715,-0.1096031746031746,0.1143055555555555
18.1679,-67.4529,-0.0938655462184874,0.1388067226890756
18.1679,-67.4343,-0.0789959839357429,0.10513253012048189
18.1679,-67.4157,-0.0856249999999999,0.0918429487179487
18.1679,-67.3971,-0.08344,0.077808
18.1679,-67.3786,-0.0755945730247406,0.0464405426975259
18.1679,-67.36,-0.0948242811501597,0.0556549520766773
18.1679,-67.3414,-0.100736,0.042672
18.1679,-67.3228,-0.0812619808306709,0.014073482428115
18.1679,-67.3042,-0.082923322683706,-0.0009744408945686
18.1679,-67.2857,-0.0699361022364217,-0.005814696485623
18.1679,-67.2671,-0.0579313099041533,0.0019009584664535998
18.1679,-67.2485,-0.044888178913738,0.0018370607028752998
18.1679,-67.2299,-0.0176198083067092,0.0021565495207667
18.1679,-67.2113,-0.0082987220447284,0.002979233226837
18.1859,-67.5086,-0.1179759519038076,0.0694789579158316
18.1859,-67.4715,-0.1074621848739495,0.1424369747899159
18.1859,-67.4529,-0.098327922077922,0.1522564935064935
18.1859,-67.4343,-0.0915090909090909,0.1568181818181818
18.1859,-67.4157,-0.0858974358974359,0.11512820512820508
18.1859,-67.3971,-0.0851694915254237,0.0938983050847457
18.1859,-67.3786,-0.083616,0.064592
18.1859,-67.36,-0.0884504792332268,0.0627795527156549
18.1859,-67.3414,-0.087968,0.050976
18.1859,-67.3228,-0.079312,0.033392
18.1859,-67.3042,-0.071904,0.0088799999999999
18.1859,-67.2857,-0.0511182108626198,-0.0039297124600638
18.1859,-67.2671,-0.0301437699680511,-0.0080031948881789
18.1859,-67.2485,-0.0193290734824281,-0.0007827476038338
18.1859,-67.2299,0.006405750798722,0.0018051118210862
18.1859,-67.2113,0.0528035714285714,0.0103571428571428
18.2039,-67.4715,-0.1121113243761996,0.1605374280230326
18.2039,-67.4529,-0.0946063651591289,0.1559128978224455
18.2039,-67.4343,-0.0856888168557536,0.1477309562398703
18.2039,-67.4157,-0.0759223300970873,0.1188511326860841
18.2039,-67.3971,-0.0693606557377049,0.094639344262295
18.2039,-67.3786,-0.0686885245901639,0.0650819672131147
18.2039,-67.36,-0.064432,0.04584
18.2039,-67.3414,-0.06264,0.03376
18.2039,-67.3228,-0.0520673076923077,0.023701923076923
18.2039,-67.3042,-0.045504,0.00672
18.2039,-67.2857,-0.0328753993610223,-0.0100798722044728
18.2039,-67.2671,-0.0230031948881789,-0.013785942492012702
18.2039,-67.2485,-0.0031789137380191,-0.0034824281150159
18.2039,-67.2299,0.004272,0.010208
18.2219,-67.8802,-0.070531561461794,-0.0800332225913621
18.2219,-67.8245,-0.0674003189792663,-0.10503987240829342
18.2219,-67.7687,-0.0667783094098883,-0.11889952153110038
18.2219,-67.713,-0.0758851674641148,-0.0913397129186602
18.2219,-67.6573,-0.087304625199362,-0.0419776714513556
18.2219,-67.6015,-0.0959649122807017,0.0223923444976076
18.2219,-67.5458,-0.0953907496012759,0.0856299840510366
18.2219,-67.49,-0.0811961722488038,0.1102232854864433
18.2219,-67.4529,-0.0900983606557377,0.175
18.2219,-67.4343,-0.0725659472422062,0.1135651478816946
18.2219,-67.4157,-0.0571299638989169,0.1334296028880866
18.2219,-67.3971,-0.059707792207792196,0.0921266233766233
18.2219,-67.3786,-0.05482591093117399,0.048995951417004
18.2219,-67.36,-0.0409178743961352,0.0319162640901771
18.2219,-67.3414,-0.0408959999999999,0.025472
18.2219,-67.3228,-0.0413418530351437,0.0078354632587859
18.2219,-67.3042,-0.0254326923076923,-0.0087499999999999
18.2219,-67.2857,-0.0207667731629392,-0.0236741214057508
18.2219,-67.2671,-0.0353072625698324,-0.0109417398244213
18.2219,-67.2485,-0.0169648562300319,-0.0068210862619808
18.2219,-67.2299,-0.0066613418530350995,0.0091853035143769
18.2219,-67.2113,-0.041371610845295,-0.0009250398724082
18.2398,-67.49,-0.0678056951423785,0.2243886097152428
18.2398,-67.4529,-0.0645659163987138,0.1511254019292604
18.2398,-67.4343,-0.0563023679417122,0.1560655737704918
18.2398,-67.4157,-0.0492096774193548,0.10396774193548382
18.2398,-67.3971,-0.042077922077922,0.063814935064935
18.2398,-67.3786,-0.0346935483870967,0.05393548387096771
18.2398,-67.36,-0.0231067961165048,0.031051779935275
18.2398,-67.3414,-0.021744,0.011856
18.2398,-67.3228,-0.0208173076923076,-0.0034134615384615
18.2398,-67.3042,-0.017424,-0.0152319999999999
18.2398,-67.2857,-0.0300958466453674,-0.026964856230031895
18.2398,-67.2671,-0.031086261980830598,-0.02444089456869
18.2398,-67.2485,-0.041664,-0.008048
18.2398,-67.2299,-0.05327361563517909,0.0167100977198697
18.2578,-67.4715,-0.0547325769854133,0.1603079416531604
18.2578,-67.4343,-0.0417948717948717,0.12283760683760682
18.2578,-67.4157,-0.0397568881685575,0.0952025931928687
18.2578,-67.3971,-0.0358603896103896,0.0625
18.2578,-67.3786,-0.0203241491085899,0.03967585089141
18.2578,-67.36,-0.0108038585209003,0.0205466237942122
18.2578,-67.3414,-0.0089727126805778,0.0040449438202247
18.2578,-67.3228,-0.016016,-0.008448
18.2578,-67.3042,-0.0259265175718849,-0.0113738019169329
18.2578,-67.2857,-0.0323642172523961,-0.0238817891373801
18.2578,-67.2671,-0.0475399361022364,-0.0243929712460063
18.2578,-67.2485,-0.0538141025641025,-0.0076121794871794
18.2578,-67.2299,-0.0635714285714285,0.014756097560975602
18.2758,-67.936,-0.0868608414239482,-0.0465695792880258
18.2758,-67.8802,-0.0832289950576606,-0.073986820428336
18.2758,-67.8245,-0.0834345047923322,-0.0788977635782747
18.2758,-67.7687,-0.0829712460063897,-0.0724121405750798
18.2758,-67.713,-0.0845614035087719,-0.0311961722488038
18.2758,-67.6573,-0.0913078149920255,0.0196491228070175
18.2758,-67.6015,-0.0903030303030303,0.0688676236044657
18.2758,-67.5458,-0.0859170653907496,0.0877671451355661
18.2758,-67.49,-0.069090909090909,0.0819457735247208
18.2758,-67.4529,-0.0371951219512195,0.1158536585365853
18.2758,-67.4343,-0.0413058720420683,0.084145486415425
18.2758,-67.4157,-0.0240421455938697,0.0811685823754789
18.2758,-67.3971,-0.0219471947194719,0.0534158415841584
18.2758,-67.3786,-0.0231650641025641,0.0214182692307692
18.2758,-67.36,-0.0080868167202572,0.0055144694533762
18.2758,-67.3414,-0.0083173076923076,-0.0084615384615384
18.2758,-67.3228,-0.0266666666666666,-0.0090887290167865
18.2758,-67.3042,-0.0325718849840255,-0.0144728434504792
18.2758,-67.2857,-0.0399361022364217,-0.0116613418530351
18.2758,-67.2671,-0.0445803357314148,-0.0090407673860911
18.2758,-67.2485,-0.05477272727272721,-0.0085551948051948
18.2758,-67.2113,-0.0459170653907496,0.0023763955342902
18.2938,-67.4343,-0.028389261744966397,0.097986577181208
18.2938,-67.4157,-0.0158709677419354,0.074
18.2938,-67.3971,-0.0124688796680497,0.0474481327800829
18.2938,-67.3786,-0.0070318021201413,0.0293462897526501
18.2938,-67.36,-0.014388254486133699,-0.0045840130505709
18.2938,-67.3414,-0.0161950286806883,-0.0279923518164435
18.2938,-67.3228,-0.0211183144246353,-0.0260777957860615
18.2938,-67.3042,-0.03688,-0.028272
18.2938,-67.2857,-0.043616,-0.008912
18.2938,-67.2671,-0.0563004846526655,-0.0078352180936995
18.2938,-67.2485,-0.057126050420168,-0.0016302521008403
18.3118,-67.4157,0.04,0.1652173913043478
18.3118,-67.3971,-0.006692607003891,0.0587548638132295
18.3118,-67.3786,-0.0015109890109890002,0.0257967032967032
18.3118,-67.36,-0.0201872659176029,-0.0208239700374531
18.3118,-67.3414,-0.0256851311953352,-0.0341107871720116
18.3118,-67.3228,-0.0286567164179104,-0.0419651741293532
18.3118,-67.3042,-0.0193067226890756,-0.020882352941176404
18.3118,-67.2857,-0.0434640522875817,-0.0227233115468409
18.3118,-67.2671,-0.053902439024390195,-0.014417344173441702
18.3297,-67.936,-0.0852173913043478,-0.0215217391304347
18.3297,-67.8802,-0.0894638069705093,-0.0817158176943699
18.3297,-67.8245,-0.1014669051878354,-0.0983184257602862
18.3297,-67.7687,-0.1079796264855687,-0.0844991511035653
18.3297,-67.713,-0.1039772727272727,-0.0517532467532467
18.3297,-67.6573,-0.10429951690821251,-0.015088566827697202
18.3297,-67.6015,-0.0944976076555023,0.0243221690590111
18.3297,-67.5458,-0.0814832535885167,0.0312759170653907
18.3297,-67.49,-0.05744816586921849,0.0418660287081339
18.3297,-67.4343,-0.0374960127591706,0.0245773524720893
18.3297,-67.4157,-0.1249999999999999,-0.2299999999999999
18.3297,-67.3786,-0.0233386075949367,0.006439873417721499
18.3297,-67.36,-0.0855714285714285,-0.1052857142857142
18.3297,-67.3414,-0.1611111111111111,-0.1324999999999999
18.3297,-67.3228,-0.0382321187584345,-0.0192307692307692
18.3297,-67.3042,-0.0216666666666666,0.0133333333333333
18.3297,-67.2857,0.0058620689655172,0.042068965517241305
18.3297,-67.2671,-0.0392663476874003,-0.0165709728867623
18.3837,-67.8802,-0.072156862745098,0.0503921568627451
18.3837,-67.8245,-0.1111666666666666,-0.1058333333333333
18.3837,-67.7687,-0.1114936708860759,-0.08792405063291141
18.3837,-67.713,-0.1178723404255319,-0.0733829787234042
18.3837,-67.6573,-0.129234135667396,-0.0697155361050328
18.3837,-67.6015,-0.1383711340206185,-0.0772371134020618
18.3837,-67.5458,-0.1235329341317365,-0.0646107784431137
18.3837,-67.4343,-0.0558498023715415,-0.00699604743083
18.3837,-67.3786,-0.0325581395348837,0.0004016913319238
18.3837,-67.3228,-0.0025375939849624,0.0099060150375939
18.3837,-67.2671,-0.0332577319587628,-0.0022680412371134
18.4376,-67.7687,-0.1502702702702703,-0.1724324324324324
18.4376,-67.713,-0.101578947368421,0.0069736842105263
18.4376,-67.6573,-0.11048192771084328,-0.0631325301204819
18.4376,-67.6015,-0.0054545454545454,0.1290909090909091
18.4376,-67.5458,-0.092,-0.0317142857142857
18.4376,-67.49,-0.2266666666666666,-0.205